RUN_ID,d_wheel,A_front,HM_VA,AWD,iAG,m_curb,Wheelbase,h_s,weight_dist,MainAxle_TorqueSplit_int,Hybrid_ICE_priority,VM,EV,Hy,i_GET_EV,i_ges_P4,mode,use_cus_val,Gear_Ratio,No_Gears,P0,P2,P3,P4,P4_DM,E0,E1,E2,E3,E4,n_ICE_idle,n_ICE_max,tq_ICE_idle,tq_ICE_max,Pwr_ICE_max_kW,tq_P0_max,Pwr_P0_max_kW,n_P0_max,Pwr_P0_nmax_red_perc,tq_P2_max,Pwr_P2_max_kW,n_P2_max,Pwr_P2_nmax_red_perc,tq_P3_max,Pwr_P3_max_kW,n_P3_max,Pwr_P3_nmax_red_perc,tq_P4_max,Pwr_P4_max_kW,n_P4_max,Pwr_P4_nmax_red_perc,tq_EV_max,Pwr_EV_max_kW,n_EV_max,Pwr_EV_nmax_red_perc,Cell_Cap_Ah,Cell_V_nom,Cell_R_inner,Cell_V_min,Cell_V_max,Cell_I_max_chg,Cell_I_max_dis,SOC_Vector,Cell_OCV_Vector,n_s,n_p,facSocInit,SOC_Recup_Limit,SOC_Bat_Discharge_Limit,Actual_0_to_100,SL_time_0_to_100,error,pct_error,pass_fail,group
3,0.68,2.88782,0.0,1.0,3.66,2121.0,2708.0,0.4,1.0,0.5,1.0,0.0,1.0,0.0,2.0,7.5,performance,1.0,0.0,0.0,0.0,0.0,0.0,0.0,0.0,0.0,0.0,0.0,1.0,0.0,0.0,0.0,0.0,0.0,0.0,0.0,0.0,0.0,0.0,0.0,0.0,0.0,0.0,0.0,0.0,0.0,0.0,211.0,100.0,12000.0,0.04,239.0,98.0,12000.0,0.04,4.8,3.7,0.023,2.5,4.2,4.8,15.0,"[0, 0.1, 0.2, 0.3, 0.4, 0.5, 0.6, 0.7, 0.8, 0.9, 1.0]","[2.8, 3.3, 3.45, 3.52, 3.60, 3.68, 3.75, 3.85, 3.95, 4.1, 4.2]",96.0,46.0,0.95,0.95,0.1,7.2,7.0,-0.20000000000000018,-2.77777777777778,PASS,G3_7to10s
8,0.64,2.859501,0.0,1.0,3.66,2360.0,2946.0,0.4,1.0,0.5,1.0,0.0,1.0,0.0,2.0,7.5,performance,1.0,0.0,0.0,0.0,0.0,0.0,0.0,0.0,0.0,0.0,1.0,0.0,0.0,0.0,0.0,0.0,0.0,0.0,0.0,0.0,0.0,0.0,0.0,0.0,0.0,0.0,0.0,0.0,0.0,0.0,580.0,272.0,12000.0,0.04,275.0,340.0,12000.0,0.04,4.8,3.7,0.023,2.5,4.2,4.8,15.0,"[0, 0.1, 0.2, 0.3, 0.4, 0.5, 0.6, 0.7, 0.8, 0.9, 1.0]","[2.8, 3.3, 3.45, 3.52, 3.60, 3.68, 3.75, 3.85, 3.95, 4.1, 4.2]",96.0,46.0,0.95,0.95,0.1,7.7,6.225000000000001,-1.4749999999999988,-19.15584415584414,FAIL,G3_7to10s
9,0.68,2.936421,0.0,0.0,3.66,2185.0,2946.0,0.4,1.0,0.5,1.0,0.0,1.0,0.0,2.0,0.0,performance,1.0,0.0,0.0,0.0,0.0,0.0,0.0,0.0,1.0,0.0,0.0,0.0,0.0,0.0,0.0,0.0,0.0,0.0,0.0,0.0,0.0,0.0,0.0,0.0,0.0,0.0,0.0,0.0,0.0,0.0,0.0,0.0,0.0,0.04,435.0,240.0,12000.0,0.04,4.8,3.7,0.023,2.5,4.2,4.8,15.0,"[0, 0.1, 0.2, 0.3, 0.4, 0.5, 0.6, 0.7, 0.8, 0.9, 1.0]","[2.8, 3.3, 3.45, 3.52, 3.60, 3.68, 3.75, 3.85, 3.95, 4.1, 4.2]",96.0,46.0,0.95,0.95,0.1,7.9,8.15,0.25,3.164556962025316,PASS,G3_7to10s
12,0.64,2.753528,0.0,1.0,3.66,2355.0,2901.0,0.4,1.0,0.5,1.0,0.0,1.0,0.0,2.0,7.5,performance,1.0,0.0,0.0,0.0,0.0,0.0,0.0,0.0,0.0,0.0,1.0,0.0,0.0,0.0,0.0,0.0,0.0,0.0,0.0,0.0,0.0,0.0,0.0,0.0,0.0,0.0,0.0,0.0,0.0,0.0,590.0,344.0,12000.0,0.04,625.0,430.0,12000.0,0.04,4.8,3.7,0.023,2.5,4.2,4.8,15.0,"[0, 0.1, 0.2, 0.3, 0.4, 0.5, 0.6, 0.7, 0.8, 0.9, 1.0]","[2.8, 3.3, 3.45, 3.52, 3.60, 3.68, 3.75, 3.85, 3.95, 4.1, 4.2]",96.0,46.0,0.95,0.95,0.1,7.7,8.405,0.7049999999999992,9.155844155844145,PASS,G3_7to10s
13,0.64,2.753528,0.0,1.0,3.66,2355.0,2901.0,0.4,1.0,0.5,1.0,0.0,1.0,0.0,2.0,7.5,performance,1.0,0.0,0.0,0.0,0.0,0.0,0.0,0.0,0.0,0.0,1.0,0.0,0.0,0.0,0.0,0.0,0.0,0.0,0.0,0.0,0.0,0.0,0.0,0.0,0.0,0.0,0.0,0.0,0.0,0.0,590.0,344.0,12000.0,0.04,625.0,430.0,12000.0,0.04,4.8,3.7,0.023,2.5,4.2,4.8,15.0,"[0, 0.1, 0.2, 0.3, 0.4, 0.5, 0.6, 0.7, 0.8, 0.9, 1.0]","[2.8, 3.3, 3.45, 3.52, 3.60, 3.68, 3.75, 3.85, 3.95, 4.1, 4.2]",96.0,46.0,0.95,0.95,0.1,8.6,8.335,-0.2649999999999988,-3.0813953488371957,PASS,G3_7to10s
16,0.64,2.753528,0.0,1.0,3.66,2355.0,2901.0,0.4,1.0,0.5,1.0,0.0,1.0,0.0,2.0,7.5,performance,1.0,0.0,0.0,0.0,0.0,0.0,0.0,0.0,0.0,0.0,1.0,0.0,0.0,0.0,0.0,0.0,0.0,0.0,0.0,0.0,0.0,0.0,0.0,0.0,0.0,0.0,0.0,0.0,0.0,0.0,590.0,344.0,12000.0,0.04,625.0,430.0,12000.0,0.04,4.8,3.7,0.023,2.5,4.2,4.8,15.0,"[0, 0.1, 0.2, 0.3, 0.4, 0.5, 0.6, 0.7, 0.8, 0.9, 1.0]","[2.8, 3.3, 3.45, 3.52, 3.60, 3.68, 3.75, 3.85, 3.95, 4.1, 4.2]",96.0,46.0,0.95,0.95,0.1,8.2,9.395,1.1950000000000003,14.573170731707322,FAIL,G3_7to10s
17,0.68,3.04368,0.0,0.0,3.66,1990.0,2764.0,0.4,1.0,0.5,1.0,0.0,1.0,0.0,2.0,0.0,performance,1.0,0.0,0.0,0.0,0.0,0.0,0.0,0.0,1.0,0.0,0.0,0.0,0.0,0.0,0.0,0.0,0.0,0.0,0.0,0.0,0.0,0.0,0.0,0.0,0.0,0.0,0.0,0.0,0.0,0.0,0.0,0.0,0.0,0.04,310.0,125.0,12000.0,0.04,4.8,3.7,0.023,2.5,4.2,4.8,15.0,"[0, 0.1, 0.2, 0.3, 0.4, 0.5, 0.6, 0.7, 0.8, 0.9, 1.0]","[2.8, 3.3, 3.45, 3.52, 3.60, 3.68, 3.75, 3.85, 3.95, 4.1, 4.2]",96.0,46.0,0.95,0.95,0.1,7.8,8.19,0.3899999999999997,4.9999999999999964,PASS,G3_7to10s
19,0.68,3.04368,0.0,0.0,3.66,1990.0,2764.0,0.4,1.0,0.5,1.0,0.0,1.0,0.0,2.0,0.0,performance,1.0,0.0,0.0,0.0,0.0,0.0,0.0,0.0,1.0,0.0,0.0,0.0,0.0,0.0,0.0,0.0,0.0,0.0,0.0,0.0,0.0,0.0,0.0,0.0,0.0,0.0,0.0,0.0,0.0,0.0,0.0,0.0,0.0,0.04,310.0,125.0,12000.0,0.04,4.8,3.7,0.023,2.5,4.2,4.8,15.0,"[0, 0.1, 0.2, 0.3, 0.4, 0.5, 0.6, 0.7, 0.8, 0.9, 1.0]","[2.8, 3.3, 3.45, 3.52, 3.60, 3.68, 3.75, 3.85, 3.95, 4.1, 4.2]",96.0,46.0,0.95,0.95,0.1,8.7,6.195,-2.504999999999999,-28.793103448275854,FAIL,G3_7to10s
23,0.72,3.267215,0.0,0.0,3.66,2200.0,2889.0,0.4,1.0,0.5,1.0,0.0,1.0,0.0,2.0,0.0,performance,1.0,0.0,0.0,0.0,0.0,0.0,0.0,0.0,1.0,0.0,0.0,0.0,0.0,0.0,0.0,0.0,0.0,0.0,0.0,0.0,0.0,0.0,0.0,0.0,0.0,0.0,0.0,0.0,0.0,0.0,0.0,0.0,0.0,0.04,450.0,215.0,12000.0,0.04,4.8,3.7,0.023,2.5,4.2,4.8,15.0,"[0, 0.1, 0.2, 0.3, 0.4, 0.5, 0.6, 0.7, 0.8, 0.9, 1.0]","[2.8, 3.3, 3.45, 3.52, 3.60, 3.68, 3.75, 3.85, 3.95, 4.1, 4.2]",96.0,46.0,0.95,0.95,0.1,7.8,6.2,-1.5999999999999996,-20.51282051282051,FAIL,G3_7to10s
35,0.64,2.681696,0.0,0.0,3.66,2065.0,2856.0,0.4,1.0,0.5,1.0,0.0,1.0,0.0,2.0,0.0,performance,1.0,0.0,0.0,0.0,0.0,0.0,0.0,0.0,1.0,0.0,0.0,0.0,0.0,0.0,0.0,0.0,0.0,0.0,0.0,0.0,0.0,0.0,0.0,0.0,0.0,0.0,0.0,0.0,0.0,0.0,0.0,0.0,0.0,0.04,400.0,210.0,12000.0,0.04,4.8,3.7,0.023,2.5,4.2,4.8,15.0,"[0, 0.1, 0.2, 0.3, 0.4, 0.5, 0.6, 0.7, 0.8, 0.9, 1.0]","[2.8, 3.3, 3.45, 3.52, 3.60, 3.68, 3.75, 3.85, 3.95, 4.1, 4.2]",96.0,46.0,0.95,0.95,0.1,7.1,5.325,-1.7749999999999995,-24.999999999999993,FAIL,G3_7to10s
53,0.68,2.98152,1.0,0.0,3.66,1940.0,2692.0,0.4,1.0,0.5,1.0,0.0,1.0,0.0,2.0,0.0,performance,1.0,0.0,0.0,0.0,0.0,0.0,0.0,0.0,1.0,0.0,0.0,0.0,0.0,0.0,0.0,0.0,0.0,0.0,0.0,0.0,0.0,0.0,0.0,0.0,0.0,0.0,0.0,0.0,0.0,0.0,0.0,0.0,0.0,0.04,250.0,150.0,12000.0,0.04,4.8,3.7,0.023,2.5,4.2,4.8,15.0,"[0, 0.1, 0.2, 0.3, 0.4, 0.5, 0.6, 0.7, 0.8, 0.9, 1.0]","[2.8, 3.3, 3.45, 3.52, 3.60, 3.68, 3.75, 3.85, 3.95, 4.1, 4.2]",96.0,46.0,0.95,0.95,0.1,7.2,6.29,-0.9100000000000001,-12.638888888888891,FAIL,G3_7to10s
98,0.72,3.07648,1.0,0.0,3.66,1664.0,2785.0,0.4,1.0,0.5,1.0,0.0,1.0,0.0,2.0,0.0,performance,1.0,0.0,0.0,0.0,0.0,0.0,0.0,0.0,1.0,0.0,0.0,0.0,0.0,0.0,0.0,0.0,0.0,0.0,0.0,0.0,0.0,0.0,0.0,0.0,0.0,0.0,0.0,0.0,0.0,0.0,0.0,0.0,0.0,0.04,260.0,100.0,12000.0,0.04,4.8,3.7,0.023,2.5,4.2,4.8,15.0,"[0, 0.1, 0.2, 0.3, 0.4, 0.5, 0.6, 0.7, 0.8, 0.9, 1.0]","[2.8, 3.3, 3.45, 3.52, 3.60, 3.68, 3.75, 3.85, 3.95, 4.1, 4.2]",96.0,46.0,0.95,0.95,0.1,7.3,6.9350000000000005,-0.3649999999999993,-4.99999999999999,PASS,G3_7to10s
137,0.68,3.098325,0.0,1.0,3.66,2100.0,2850.0,0.4,1.0,0.5,1.0,0.0,1.0,0.0,2.0,7.5,performance,1.0,0.0,0.0,0.0,0.0,0.0,0.0,0.0,0.0,0.0,1.0,0.0,0.0,0.0,0.0,0.0,0.0,0.0,0.0,0.0,0.0,0.0,0.0,0.0,0.0,0.0,0.0,0.0,0.0,0.0,269.0,133.6,12000.0,0.04,269.0,167.0,12000.0,0.04,4.8,3.7,0.023,2.5,4.2,4.8,15.0,"[0, 0.1, 0.2, 0.3, 0.4, 0.5, 0.6, 0.7, 0.8, 0.9, 1.0]","[2.8, 3.3, 3.45, 3.52, 3.60, 3.68, 3.75, 3.85, 3.95, 4.1, 4.2]",96.0,46.0,0.95,0.95,0.1,7.1,9.335,2.235000000000001,31.478873239436638,FAIL,G3_7to10s
138,0.68,3.098325,0.0,1.0,3.66,2135.0,2850.0,0.4,1.0,0.5,1.0,0.0,1.0,0.0,2.0,7.5,performance,1.0,0.0,0.0,0.0,0.0,0.0,0.0,0.0,0.0,0.0,1.0,0.0,0.0,0.0,0.0,0.0,0.0,0.0,0.0,0.0,0.0,0.0,0.0,0.0,0.0,0.0,0.0,0.0,0.0,0.0,269.0,133.6,12000.0,0.04,269.0,167.0,12000.0,0.04,4.8,3.7,0.023,2.5,4.2,4.8,15.0,"[0, 0.1, 0.2, 0.3, 0.4, 0.5, 0.6, 0.7, 0.8, 0.9, 1.0]","[2.8, 3.3, 3.45, 3.52, 3.60, 3.68, 3.75, 3.85, 3.95, 4.1, 4.2]",96.0,46.0,0.95,0.95,0.1,7.1,9.465,2.365,33.30985915492958,FAIL,G3_7to10s
154,0.64,2.81799,0.0,0.0,3.66,2200.0,2902.0,0.4,1.0,0.5,1.0,0.0,1.0,0.0,2.0,0.0,performance,1.0,0.0,0.0,0.0,0.0,0.0,0.0,0.0,1.0,0.0,0.0,0.0,0.0,0.0,0.0,0.0,0.0,0.0,0.0,0.0,0.0,0.0,0.0,0.0,0.0,0.0,0.0,0.0,0.0,0.0,0.0,0.0,0.0,0.04,290.0,190.0,12000.0,0.04,4.8,3.7,0.023,2.5,4.2,4.8,15.0,"[0, 0.1, 0.2, 0.3, 0.4, 0.5, 0.6, 0.7, 0.8, 0.9, 1.0]","[2.8, 3.3, 3.45, 3.52, 3.60, 3.68, 3.75, 3.85, 3.95, 4.1, 4.2]",96.0,46.0,0.95,0.95,0.1,7.1,5.24,-1.8599999999999994,-26.19718309859154,FAIL,G3_7to10s
201,0.68,2.983041,1.0,0.0,3.66,1720.0,2606.0,0.4,1.0,0.5,1.0,0.0,1.0,0.0,2.0,0.0,performance,1.0,0.0,0.0,0.0,0.0,0.0,0.0,0.0,1.0,0.0,0.0,0.0,0.0,0.0,0.0,0.0,0.0,0.0,0.0,0.0,0.0,0.0,0.0,0.0,0.0,0.0,0.0,0.0,0.0,0.0,0.0,0.0,0.0,0.04,290.0,135.0,12000.0,0.04,4.8,3.7,0.023,2.5,4.2,4.8,15.0,"[0, 0.1, 0.2, 0.3, 0.4, 0.5, 0.6, 0.7, 0.8, 0.9, 1.0]","[2.8, 3.3, 3.45, 3.52, 3.60, 3.68, 3.75, 3.85, 3.95, 4.1, 4.2]",96.0,46.0,0.95,0.95,0.1,9.9,8.535,-1.3650000000000002,-13.78787878787879,FAIL,G3_7to10s
204,0.68,2.655556,0.0,1.0,3.66,2303.0,2915.0,0.4,1.0,0.5,1.0,0.0,1.0,0.0,2.0,7.5,performance,1.0,0.0,0.0,0.0,0.0,0.0,0.0,0.0,0.0,0.0,1.0,0.0,0.0,0.0,0.0,0.0,0.0,0.0,0.0,0.0,0.0,0.0,0.0,0.0,0.0,0.0,0.0,0.0,0.0,0.0,420.0,288.0,12000.0,0.04,280.0,360.0,12000.0,0.04,4.8,3.7,0.023,2.5,4.2,4.8,15.0,"[0, 0.1, 0.2, 0.3, 0.4, 0.5, 0.6, 0.7, 0.8, 0.9, 1.0]","[2.8, 3.3, 3.45, 3.52, 3.60, 3.68, 3.75, 3.85, 3.95, 4.1, 4.2]",96.0,46.0,0.95,0.95,0.1,9.6,6.6450000000000005,-2.954999999999999,-30.781249999999993,FAIL,G3_7to10s
205,0.68,2.37475,0.0,1.0,3.66,2366.0,2960.0,0.4,1.0,0.5,1.0,0.0,1.0,0.0,2.0,7.5,performance,1.0,0.0,0.0,0.0,0.0,0.0,0.0,0.0,0.0,0.0,1.0,0.0,0.0,0.0,0.0,0.0,0.0,0.0,0.0,0.0,0.0,0.0,0.0,0.0,0.0,0.0,0.0,0.0,0.0,0.0,722.5,384.0,12000.0,0.04,850.0,480.0,12000.0,0.04,4.8,3.7,0.023,2.5,4.2,4.8,15.0,"[0, 0.1, 0.2, 0.3, 0.4, 0.5, 0.6, 0.7, 0.8, 0.9, 1.0]","[2.8, 3.3, 3.45, 3.52, 3.60, 3.68, 3.75, 3.85, 3.95, 4.1, 4.2]",96.0,46.0,0.95,0.95,0.1,8.1,9.485,1.3849999999999998,17.098765432098766,FAIL,G3_7to10s
207,0.72,3.41764,0.0,1.0,3.66,2558.0,3070.0,0.4,1.0,0.5,1.0,0.0,1.0,0.0,2.0,7.5,performance,1.0,0.0,0.0,0.0,0.0,0.0,0.0,0.0,0.0,0.0,1.0,0.0,0.0,0.0,0.0,0.0,0.0,0.0,0.0,0.0,0.0,0.0,0.0,0.0,0.0,0.0,0.0,0.0,0.0,0.0,500.0,384.0,12000.0,0.04,850.0,480.0,12000.0,0.04,4.8,3.7,0.023,2.5,4.2,4.8,15.0,"[0, 0.1, 0.2, 0.3, 0.4, 0.5, 0.6, 0.7, 0.8, 0.9, 1.0]","[2.8, 3.3, 3.45, 3.52, 3.60, 3.68, 3.75, 3.85, 3.95, 4.1, 4.2]",96.0,46.0,0.95,0.95,0.1,8.2,9.675,1.4750000000000014,17.9878048780488,FAIL,G3_7to10s
208,0.72,3.41764,0.0,1.0,3.66,2558.0,3070.0,0.4,1.0,0.5,1.0,0.0,1.0,0.0,2.0,7.5,performance,1.0,0.0,0.0,0.0,0.0,0.0,0.0,0.0,0.0,0.0,1.0,0.0,0.0,0.0,0.0,0.0,0.0,0.0,0.0,0.0,0.0,0.0,0.0,0.0,0.0,0.0,0.0,0.0,0.0,0.0,500.0,384.0,12000.0,0.04,850.0,480.0,12000.0,0.04,4.8,3.7,0.023,2.5,4.2,4.8,15.0,"[0, 0.1, 0.2, 0.3, 0.4, 0.5, 0.6, 0.7, 0.8, 0.9, 1.0]","[2.8, 3.3, 3.45, 3.52, 3.60, 3.68, 3.75, 3.85, 3.95, 4.1, 4.2]",96.0,46.0,0.95,0.95,0.1,7.4,9.1,1.6999999999999993,22.972972972972965,FAIL,G3_7to10s
209,0.72,3.4335,0.0,1.0,3.66,2160.0,2888.0,0.4,1.0,0.5,1.0,0.0,1.0,0.0,2.0,7.5,performance,1.0,0.0,0.0,0.0,0.0,0.0,0.0,0.0,0.0,0.0,1.0,0.0,0.0,0.0,0.0,0.0,0.0,0.0,0.0,0.0,0.0,0.0,0.0,0.0,0.0,0.0,0.0,0.0,0.0,0.0,420.0,288.0,12000.0,0.04,280.0,360.0,12000.0,0.04,4.8,3.7,0.023,2.5,4.2,4.8,15.0,"[0, 0.1, 0.2, 0.3, 0.4, 0.5, 0.6, 0.7, 0.8, 0.9, 1.0]","[2.8, 3.3, 3.45, 3.52, 3.60, 3.68, 3.75, 3.85, 3.95, 4.1, 4.2]",96.0,46.0,0.95,0.95,0.1,9.6,9.475,-0.125,-1.3020833333333335,PASS,G3_7to10s
214,0.68,2.998383,1.0,0.0,3.66,1980.0,2775.0,0.4,1.0,0.5,1.0,0.0,1.0,0.0,2.0,0.0,performance,1.0,0.0,0.0,0.0,0.0,0.0,0.0,0.0,1.0,0.0,0.0,0.0,0.0,0.0,0.0,0.0,0.0,0.0,0.0,0.0,0.0,0.0,0.0,0.0,0.0,0.0,0.0,0.0,0.0,0.0,0.0,0.0,0.0,0.04,300.0,160.0,12000.0,0.04,4.8,3.7,0.023,2.5,4.2,4.8,15.0,"[0, 0.1, 0.2, 0.3, 0.4, 0.5, 0.6, 0.7, 0.8, 0.9, 1.0]","[2.8, 3.3, 3.45, 3.52, 3.60, 3.68, 3.75, 3.85, 3.95, 4.1, 4.2]",96.0,46.0,0.95,0.95,0.1,8.9,7.84,-1.0600000000000005,-11.910112359550567,FAIL,G3_7to10s
215,0.72,3.0525,1.0,0.0,3.66,1980.0,2775.0,0.4,1.0,0.5,1.0,0.0,1.0,0.0,2.0,0.0,performance,1.0,0.0,0.0,0.0,0.0,0.0,0.0,0.0,1.0,0.0,0.0,0.0,0.0,0.0,0.0,0.0,0.0,0.0,0.0,0.0,0.0,0.0,0.0,0.0,0.0,0.0,0.0,0.0,0.0,0.0,0.0,0.0,0.0,0.04,300.0,160.0,12000.0,0.04,4.8,3.7,0.023,2.5,4.2,4.8,15.0,"[0, 0.1, 0.2, 0.3, 0.4, 0.5, 0.6, 0.7, 0.8, 0.9, 1.0]","[2.8, 3.3, 3.45, 3.52, 3.60, 3.68, 3.75, 3.85, 3.95, 4.1, 4.2]",96.0,46.0,0.95,0.95,0.1,9.9,8.950000000000001,-0.9499999999999993,-9.595959595959588,PASS,G3_7to10s
216,0.72,3.0525,1.0,0.0,3.66,1505.0,2700.0,0.4,1.0,0.5,1.0,0.0,1.0,0.0,2.0,0.0,performance,1.0,0.0,0.0,0.0,0.0,0.0,0.0,0.0,1.0,0.0,0.0,0.0,0.0,0.0,0.0,0.0,0.0,0.0,0.0,0.0,0.0,0.0,0.0,0.0,0.0,0.0,0.0,0.0,0.0,0.0,0.0,0.0,0.0,0.04,254.0,80.0,12000.0,0.04,4.8,3.7,0.023,2.5,4.2,4.8,15.0,"[0, 0.1, 0.2, 0.3, 0.4, 0.5, 0.6, 0.7, 0.8, 0.9, 1.0]","[2.8, 3.3, 3.45, 3.52, 3.60, 3.68, 3.75, 3.85, 3.95, 4.1, 4.2]",96.0,46.0,0.95,0.95,0.1,9.4,8.985,-0.4150000000000009,-4.414893617021287,PASS,G3_7to10s
217,0.72,3.0525,1.0,0.0,3.66,1505.0,2700.0,0.4,1.0,0.5,1.0,0.0,1.0,0.0,2.0,0.0,performance,1.0,0.0,0.0,0.0,0.0,0.0,0.0,0.0,1.0,0.0,0.0,0.0,0.0,0.0,0.0,0.0,0.0,0.0,0.0,0.0,0.0,0.0,0.0,0.0,0.0,0.0,0.0,0.0,0.0,0.0,0.0,0.0,0.0,0.04,254.0,80.0,12000.0,0.04,4.8,3.7,0.023,2.5,4.2,4.8,15.0,"[0, 0.1, 0.2, 0.3, 0.4, 0.5, 0.6, 0.7, 0.8, 0.9, 1.0]","[2.8, 3.3, 3.45, 3.52, 3.60, 3.68, 3.75, 3.85, 3.95, 4.1, 4.2]",96.0,46.0,0.95,0.95,0.1,8.4,8.785,0.3849999999999998,4.583333333333331,PASS,G3_7to10s
218,0.68,2.7435,1.0,0.0,3.66,1505.0,2700.0,0.4,1.0,0.5,1.0,0.0,1.0,0.0,2.0,0.0,performance,1.0,0.0,0.0,0.0,0.0,0.0,0.0,0.0,1.0,0.0,0.0,0.0,0.0,0.0,0.0,0.0,0.0,0.0,0.0,0.0,0.0,0.0,0.0,0.0,0.0,0.0,0.0,0.0,0.0,0.0,0.0,0.0,0.0,0.04,254.0,80.0,12000.0,0.04,4.8,3.7,0.023,2.5,4.2,4.8,15.0,"[0, 0.1, 0.2, 0.3, 0.4, 0.5, 0.6, 0.7, 0.8, 0.9, 1.0]","[2.8, 3.3, 3.45, 3.52, 3.60, 3.68, 3.75, 3.85, 3.95, 4.1, 4.2]",96.0,46.0,0.95,0.95,0.1,9.7,8.595,-1.1049999999999986,-11.391752577319576,FAIL,G3_7to10s
219,0.68,2.7435,1.0,0.0,3.66,1530.0,2700.0,0.4,1.0,0.5,1.0,0.0,1.0,0.0,2.0,0.0,performance,1.0,0.0,0.0,0.0,0.0,0.0,0.0,0.0,1.0,0.0,0.0,0.0,0.0,0.0,0.0,0.0,0.0,0.0,0.0,0.0,0.0,0.0,0.0,0.0,0.0,0.0,0.0,0.0,0.0,0.0,0.0,0.0,0.0,0.04,254.0,80.0,12000.0,0.04,4.8,3.7,0.023,2.5,4.2,4.8,15.0,"[0, 0.1, 0.2, 0.3, 0.4, 0.5, 0.6, 0.7, 0.8, 0.9, 1.0]","[2.8, 3.3, 3.45, 3.52, 3.60, 3.68, 3.75, 3.85, 3.95, 4.1, 4.2]",96.0,46.0,0.95,0.95,0.1,9.9,9.26,-0.6400000000000006,-6.46464646464647,PASS,G3_7to10s
220,0.68,2.7435,1.0,0.0,3.66,1580.0,2700.0,0.4,1.0,0.5,1.0,0.0,1.0,0.0,2.0,0.0,performance,1.0,0.0,0.0,0.0,0.0,0.0,0.0,0.0,1.0,0.0,0.0,0.0,0.0,0.0,0.0,0.0,0.0,0.0,0.0,0.0,0.0,0.0,0.0,0.0,0.0,0.0,0.0,0.0,0.0,0.0,0.0,0.0,0.0,0.04,320.0,110.0,12000.0,0.04,4.8,3.7,0.023,2.5,4.2,4.8,15.0,"[0, 0.1, 0.2, 0.3, 0.4, 0.5, 0.6, 0.7, 0.8, 0.9, 1.0]","[2.8, 3.3, 3.45, 3.52, 3.60, 3.68, 3.75, 3.85, 3.95, 4.1, 4.2]",96.0,46.0,0.95,0.95,0.1,9.2,9.6,0.40000000000000036,4.347826086956526,PASS,G3_7to10s
221,0.68,2.7435,1.0,0.0,3.66,1580.0,2700.0,0.4,1.0,0.5,1.0,0.0,1.0,0.0,2.0,0.0,performance,1.0,0.0,0.0,0.0,0.0,0.0,0.0,0.0,1.0,0.0,0.0,0.0,0.0,0.0,0.0,0.0,0.0,0.0,0.0,0.0,0.0,0.0,0.0,0.0,0.0,0.0,0.0,0.0,0.0,0.0,0.0,0.0,0.0,0.04,320.0,110.0,12000.0,0.04,4.8,3.7,0.023,2.5,4.2,4.8,15.0,"[0, 0.1, 0.2, 0.3, 0.4, 0.5, 0.6, 0.7, 0.8, 0.9, 1.0]","[2.8, 3.3, 3.45, 3.52, 3.60, 3.68, 3.75, 3.85, 3.95, 4.1, 4.2]",96.0,46.0,0.95,0.95,0.1,8.3,9.775,1.4749999999999996,17.77108433734939,FAIL,G3_7to10s
222,0.68,2.76246,1.0,0.0,3.66,1580.0,2700.0,0.4,1.0,0.5,1.0,0.0,1.0,0.0,2.0,0.0,performance,1.0,0.0,0.0,0.0,0.0,0.0,0.0,0.0,1.0,0.0,0.0,0.0,0.0,0.0,0.0,0.0,0.0,0.0,0.0,0.0,0.0,0.0,0.0,0.0,0.0,0.0,0.0,0.0,0.0,0.0,0.0,0.0,0.0,0.04,320.0,110.0,12000.0,0.04,4.8,3.7,0.023,2.5,4.2,4.8,15.0,"[0, 0.1, 0.2, 0.3, 0.4, 0.5, 0.6, 0.7, 0.8, 0.9, 1.0]","[2.8, 3.3, 3.45, 3.52, 3.60, 3.68, 3.75, 3.85, 3.95, 4.1, 4.2]",96.0,46.0,0.95,0.95,0.1,8.4,9.145,0.7449999999999992,8.86904761904761,PASS,G3_7to10s
223,0.68,2.76246,1.0,0.0,3.66,1756.0,2700.0,0.4,1.0,0.5,1.0,0.0,1.0,0.0,2.0,0.0,performance,1.0,0.0,0.0,0.0,0.0,0.0,0.0,0.0,1.0,0.0,0.0,0.0,0.0,0.0,0.0,0.0,0.0,0.0,0.0,0.0,0.0,0.0,0.0,0.0,0.0,0.0,0.0,0.0,0.0,0.0,0.0,0.0,0.0,0.04,340.0,160.0,12000.0,0.04,4.8,3.7,0.023,2.5,4.2,4.8,15.0,"[0, 0.1, 0.2, 0.3, 0.4, 0.5, 0.6, 0.7, 0.8, 0.9, 1.0]","[2.8, 3.3, 3.45, 3.52, 3.60, 3.68, 3.75, 3.85, 3.95, 4.1, 4.2]",96.0,46.0,0.95,0.95,0.1,8.6,9.34,0.7400000000000002,8.6046511627907,PASS,G3_7to10s
224,0.68,2.76246,1.0,0.0,3.66,1665.0,2665.0,0.4,1.0,0.5,1.0,0.0,1.0,0.0,2.0,0.0,performance,1.0,0.0,0.0,0.0,0.0,0.0,0.0,0.0,1.0,0.0,0.0,0.0,0.0,0.0,0.0,0.0,0.0,0.0,0.0,0.0,0.0,0.0,0.0,0.0,0.0,0.0,0.0,0.0,0.0,0.0,0.0,0.0,0.0,0.04,330.0,140.0,12000.0,0.04,4.8,3.7,0.023,2.5,4.2,4.8,15.0,"[0, 0.1, 0.2, 0.3, 0.4, 0.5, 0.6, 0.7, 0.8, 0.9, 1.0]","[2.8, 3.3, 3.45, 3.52, 3.60, 3.68, 3.75, 3.85, 3.95, 4.1, 4.2]",96.0,46.0,0.95,0.95,0.1,7.8,4.915,-2.885,-36.98717948717948,FAIL,G3_7to10s
225,0.68,2.76246,1.0,0.0,3.66,1800.0,2705.0,0.4,1.0,0.5,1.0,0.0,1.0,0.0,2.0,0.0,performance,1.0,0.0,0.0,0.0,0.0,0.0,0.0,0.0,1.0,0.0,0.0,0.0,0.0,0.0,0.0,0.0,0.0,0.0,0.0,0.0,0.0,0.0,0.0,0.0,0.0,0.0,0.0,0.0,0.0,0.0,0.0,0.0,0.0,0.04,330.0,150.0,12000.0,0.04,4.8,3.7,0.023,2.5,4.2,4.8,15.0,"[0, 0.1, 0.2, 0.3, 0.4, 0.5, 0.6, 0.7, 0.8, 0.9, 1.0]","[2.8, 3.3, 3.45, 3.52, 3.60, 3.68, 3.75, 3.85, 3.95, 4.1, 4.2]",96.0,46.0,0.95,0.95,0.1,9.9,6.4350000000000005,-3.465,-35.0,FAIL,G3_7to10s
226,0.68,2.981875,1.0,0.0,3.66,1800.0,2705.0,0.4,1.0,0.5,1.0,0.0,1.0,0.0,2.0,0.0,performance,1.0,0.0,0.0,0.0,0.0,0.0,0.0,0.0,1.0,0.0,0.0,0.0,0.0,0.0,0.0,0.0,0.0,0.0,0.0,0.0,0.0,0.0,0.0,0.0,0.0,0.0,0.0,0.0,0.0,0.0,0.0,0.0,0.0,0.04,330.0,150.0,12000.0,0.04,4.8,3.7,0.023,2.5,4.2,4.8,15.0,"[0, 0.1, 0.2, 0.3, 0.4, 0.5, 0.6, 0.7, 0.8, 0.9, 1.0]","[2.8, 3.3, 3.45, 3.52, 3.60, 3.68, 3.75, 3.85, 3.95, 4.1, 4.2]",96.0,46.0,0.95,0.95,0.1,8.9,6.085,-2.8150000000000004,-31.629213483146067,FAIL,G3_7to10s
227,0.72,3.1648,1.0,0.0,3.66,1641.0,2725.0,0.4,1.0,0.5,1.0,0.0,1.0,0.0,2.0,0.0,performance,1.0,0.0,0.0,0.0,0.0,0.0,0.0,0.0,1.0,0.0,0.0,0.0,0.0,0.0,0.0,0.0,0.0,0.0,0.0,0.0,0.0,0.0,0.0,0.0,0.0,0.0,0.0,0.0,0.0,0.0,0.0,0.0,0.0,0.04,254.0,80.0,12000.0,0.04,4.8,3.7,0.023,2.5,4.2,4.8,15.0,"[0, 0.1, 0.2, 0.3, 0.4, 0.5, 0.6, 0.7, 0.8, 0.9, 1.0]","[2.8, 3.3, 3.45, 3.52, 3.60, 3.68, 3.75, 3.85, 3.95, 4.1, 4.2]",96.0,46.0,0.95,0.95,0.1,9.3,5.315,-3.9850000000000003,-42.84946236559139,FAIL,G3_7to10s
228,0.72,3.1648,1.0,0.0,3.66,1641.0,2725.0,0.4,1.0,0.5,1.0,0.0,1.0,0.0,2.0,0.0,performance,1.0,0.0,0.0,0.0,0.0,0.0,0.0,0.0,1.0,0.0,0.0,0.0,0.0,0.0,0.0,0.0,0.0,0.0,0.0,0.0,0.0,0.0,0.0,0.0,0.0,0.0,0.0,0.0,0.0,0.0,0.0,0.0,0.0,0.04,254.0,80.0,12000.0,0.04,4.8,3.7,0.023,2.5,4.2,4.8,15.0,"[0, 0.1, 0.2, 0.3, 0.4, 0.5, 0.6, 0.7, 0.8, 0.9, 1.0]","[2.8, 3.3, 3.45, 3.52, 3.60, 3.68, 3.75, 3.85, 3.95, 4.1, 4.2]",96.0,46.0,0.95,0.95,0.1,8.1,6.58,-1.5199999999999996,-18.765432098765427,FAIL,G3_7to10s
229,0.75,3.237975,1.0,0.0,3.66,1641.0,2725.0,0.4,1.0,0.5,1.0,0.0,1.0,0.0,2.0,0.0,performance,1.0,0.0,0.0,0.0,0.0,0.0,0.0,0.0,1.0,0.0,0.0,0.0,0.0,0.0,0.0,0.0,0.0,0.0,0.0,0.0,0.0,0.0,0.0,0.0,0.0,0.0,0.0,0.0,0.0,0.0,0.0,0.0,0.0,0.04,254.0,80.0,12000.0,0.04,4.8,3.7,0.023,2.5,4.2,4.8,15.0,"[0, 0.1, 0.2, 0.3, 0.4, 0.5, 0.6, 0.7, 0.8, 0.9, 1.0]","[2.8, 3.3, 3.45, 3.52, 3.60, 3.68, 3.75, 3.85, 3.95, 4.1, 4.2]",96.0,46.0,0.95,0.95,0.1,7.2,8.19,0.9899999999999993,13.74999999999999,FAIL,G3_7to10s
232,0.75,3.402168,1.0,0.0,3.66,1738.0,2977.0,0.4,1.0,0.5,1.0,0.0,1.0,0.0,2.0,0.0,performance,1.0,0.0,0.0,0.0,0.0,0.0,0.0,0.0,1.0,0.0,0.0,0.0,0.0,0.0,0.0,0.0,0.0,0.0,0.0,0.0,0.0,0.0,0.0,0.0,0.0,0.0,0.0,0.0,0.0,0.0,0.0,0.0,0.0,0.04,260.0,100.0,12000.0,0.04,4.8,3.7,0.023,2.5,4.2,4.8,15.0,"[0, 0.1, 0.2, 0.3, 0.4, 0.5, 0.6, 0.7, 0.8, 0.9, 1.0]","[2.8, 3.3, 3.45, 3.52, 3.60, 3.68, 3.75, 3.85, 3.95, 4.1, 4.2]",96.0,46.0,0.95,0.95,0.1,8.9,7.185,-1.7150000000000007,-19.26966292134832,FAIL,G3_7to10s
235,0.75,3.47424,1.0,0.0,3.66,1362.0,2557.0,0.4,1.0,0.5,1.0,0.0,1.0,0.0,2.0,0.0,performance,1.0,0.0,0.0,0.0,0.0,0.0,0.0,0.0,1.0,0.0,0.0,0.0,0.0,0.0,0.0,0.0,0.0,0.0,0.0,0.0,0.0,0.0,0.0,0.0,0.0,0.0,0.0,0.0,0.0,0.0,0.0,0.0,0.0,0.04,260.0,16.0,12000.0,0.04,4.8,3.7,0.023,2.5,4.2,4.8,15.0,"[0, 0.1, 0.2, 0.3, 0.4, 0.5, 0.6, 0.7, 0.8, 0.9, 1.0]","[2.8, 3.3, 3.45, 3.52, 3.60, 3.68, 3.75, 3.85, 3.95, 4.1, 4.2]",96.0,46.0,0.95,0.95,0.1,7.9,5.9,-2.0,-25.316455696202528,FAIL,G3_7to10s
236,0.64,2.532775,1.0,0.0,3.66,471.0,1728.0,0.4,1.0,0.5,1.0,0.0,1.0,0.0,2.0,0.0,performance,1.0,0.0,0.0,0.0,0.0,0.0,0.0,0.0,1.0,0.0,0.0,0.0,0.0,0.0,0.0,0.0,0.0,0.0,0.0,0.0,0.0,0.0,0.0,0.0,0.0,0.0,0.0,0.0,0.0,0.0,0.0,0.0,0.0,0.04,4.775,6.0,12000.0,0.04,4.8,3.7,0.023,2.5,4.2,4.8,15.0,"[0, 0.1, 0.2, 0.3, 0.4, 0.5, 0.6, 0.7, 0.8, 0.9, 1.0]","[2.8, 3.3, 3.45, 3.52, 3.60, 3.68, 3.75, 3.85, 3.95, 4.1, 4.2]",96.0,46.0,0.95,0.95,0.1,7.5,8.065,0.5649999999999995,7.533333333333327,PASS,G3_7to10s
238,0.68,2.11975,1.0,0.0,3.66,1615.0,2650.0,0.4,1.0,0.5,1.0,0.0,1.0,0.0,2.0,0.0,performance,1.0,0.0,0.0,0.0,0.0,0.0,0.0,0.0,1.0,0.0,0.0,0.0,0.0,0.0,0.0,0.0,0.0,0.0,0.0,0.0,0.0,0.0,0.0,0.0,0.0,0.0,0.0,0.0,0.0,0.0,0.0,0.0,0.0,0.04,250.0,126.0,12000.0,0.04,4.8,3.7,0.023,2.5,4.2,4.8,15.0,"[0, 0.1, 0.2, 0.3, 0.4, 0.5, 0.6, 0.7, 0.8, 0.9, 1.0]","[2.8, 3.3, 3.45, 3.52, 3.60, 3.68, 3.75, 3.85, 3.95, 4.1, 4.2]",96.0,46.0,0.95,0.95,0.1,7.5,8.065,0.5649999999999995,7.533333333333327,PASS,G3_7to10s
243,0.64,2.749461,0.0,1.0,3.66,2113.0,2735.0,0.4,1.0,0.5,1.0,0.0,1.0,0.0,2.0,7.5,performance,1.0,0.0,0.0,0.0,0.0,0.0,0.0,0.0,0.0,0.0,1.0,0.0,0.0,0.0,0.0,0.0,0.0,0.0,0.0,0.0,0.0,0.0,0.0,0.0,0.0,0.0,0.0,0.0,0.0,0.0,330.0,240.0,12000.0,0.04,660.0,300.0,12000.0,0.04,4.8,3.7,0.023,2.5,4.2,4.8,15.0,"[0, 0.1, 0.2, 0.3, 0.4, 0.5, 0.6, 0.7, 0.8, 0.9, 1.0]","[2.8, 3.3, 3.45, 3.52, 3.60, 3.68, 3.75, 3.85, 3.95, 4.1, 4.2]",96.0,46.0,0.95,0.95,0.1,9.9,5.93,-3.9700000000000006,-40.101010101010104,FAIL,G3_7to10s
249,0.68,3.080272,0.0,0.0,3.66,2295.0,2893.0,0.4,1.0,0.5,1.0,0.0,1.0,0.0,2.0,0.0,performance,1.0,0.0,0.0,0.0,0.0,0.0,0.0,0.0,1.0,0.0,0.0,0.0,0.0,0.0,0.0,0.0,0.0,0.0,0.0,0.0,0.0,0.0,0.0,0.0,0.0,0.0,0.0,0.0,0.0,0.0,0.0,0.0,0.0,0.04,563.0,265.0,12000.0,0.04,4.8,3.7,0.023,2.5,4.2,4.8,15.0,"[0, 0.1, 0.2, 0.3, 0.4, 0.5, 0.6, 0.7, 0.8, 0.9, 1.0]","[2.8, 3.3, 3.45, 3.52, 3.60, 3.68, 3.75, 3.85, 3.95, 4.1, 4.2]",96.0,46.0,0.95,0.95,0.1,9.5,10.185,0.6850000000000005,7.210526315789478,PASS,G3_7to10s
251,0.68,3.166144,0.0,0.0,3.66,2295.0,2893.0,0.4,1.0,0.5,1.0,0.0,1.0,0.0,2.0,0.0,performance,1.0,0.0,0.0,0.0,0.0,0.0,0.0,0.0,1.0,0.0,0.0,0.0,0.0,0.0,0.0,0.0,0.0,0.0,0.0,0.0,0.0,0.0,0.0,0.0,0.0,0.0,0.0,0.0,0.0,0.0,0.0,0.0,0.0,0.04,563.0,265.0,12000.0,0.04,4.8,3.7,0.023,2.5,4.2,4.8,15.0,"[0, 0.1, 0.2, 0.3, 0.4, 0.5, 0.6, 0.7, 0.8, 0.9, 1.0]","[2.8, 3.3, 3.45, 3.52, 3.60, 3.68, 3.75, 3.85, 3.95, 4.1, 4.2]",96.0,46.0,0.95,0.95,0.1,9.6,5.72,-3.88,-40.416666666666664,FAIL,G3_7to10s
254,0.68,3.141498,0.0,1.0,3.66,2325.0,2900.0,0.4,1.0,0.5,1.0,0.0,1.0,0.0,2.0,7.5,performance,1.0,0.0,0.0,0.0,0.0,0.0,0.0,0.0,0.0,0.0,1.0,0.0,0.0,0.0,0.0,0.0,0.0,0.0,0.0,0.0,0.0,0.0,0.0,0.0,0.0,0.0,0.0,0.0,0.0,0.0,518.5,256.0,12000.0,0.04,610.0,320.0,12000.0,0.04,4.8,3.7,0.023,2.5,4.2,4.8,15.0,"[0, 0.1, 0.2, 0.3, 0.4, 0.5, 0.6, 0.7, 0.8, 0.9, 1.0]","[2.8, 3.3, 3.45, 3.52, 3.60, 3.68, 3.75, 3.85, 3.95, 4.1, 4.2]",96.0,46.0,0.95,0.95,0.1,9.8,8.11,-1.6900000000000013,-17.244897959183685,FAIL,G3_7to10s
255,0.64,2.711114,0.0,1.0,3.66,2325.0,2900.0,0.4,1.0,0.5,1.0,0.0,1.0,0.0,2.0,7.5,performance,1.0,0.0,0.0,0.0,0.0,0.0,0.0,0.0,0.0,0.0,1.0,0.0,0.0,0.0,0.0,0.0,0.0,0.0,0.0,0.0,0.0,0.0,0.0,0.0,0.0,0.0,0.0,0.0,0.0,0.0,518.5,256.0,12000.0,0.04,610.0,320.0,12000.0,0.04,4.8,3.7,0.023,2.5,4.2,4.8,15.0,"[0, 0.1, 0.2, 0.3, 0.4, 0.5, 0.6, 0.7, 0.8, 0.9, 1.0]","[2.8, 3.3, 3.45, 3.52, 3.60, 3.68, 3.75, 3.85, 3.95, 4.1, 4.2]",96.0,46.0,0.95,0.95,0.1,9.8,7.435,-2.365000000000001,-24.1326530612245,FAIL,G3_7to10s
257,0.64,2.711114,0.0,1.0,3.66,2245.0,2900.0,0.4,1.0,0.5,1.0,0.0,1.0,0.0,2.0,7.5,performance,1.0,0.0,0.0,0.0,0.0,0.0,0.0,0.0,0.0,0.0,1.0,0.0,0.0,0.0,0.0,0.0,0.0,0.0,0.0,0.0,0.0,0.0,0.0,0.0,0.0,0.0,0.0,0.0,0.0,0.0,293.25,240.0,12000.0,0.04,345.0,300.0,12000.0,0.04,4.8,3.7,0.023,2.5,4.2,4.8,15.0,"[0, 0.1, 0.2, 0.3, 0.4, 0.5, 0.6, 0.7, 0.8, 0.9, 1.0]","[2.8, 3.3, 3.45, 3.52, 3.60, 3.68, 3.75, 3.85, 3.95, 4.1, 4.2]",96.0,46.0,0.95,0.95,0.1,8.4,7.66,-0.7400000000000002,-8.809523809523812,PASS,G3_7to10s
258,0.64,2.711114,0.0,1.0,3.66,2245.0,2900.0,0.4,1.0,0.5,1.0,0.0,1.0,0.0,2.0,7.5,performance,1.0,0.0,0.0,0.0,0.0,0.0,0.0,0.0,0.0,0.0,1.0,0.0,0.0,0.0,0.0,0.0,0.0,0.0,0.0,0.0,0.0,0.0,0.0,0.0,0.0,0.0,0.0,0.0,0.0,0.0,350.0,320.0,12000.0,0.04,300.0,400.0,12000.0,0.04,4.8,3.7,0.023,2.5,4.2,4.8,15.0,"[0, 0.1, 0.2, 0.3, 0.4, 0.5, 0.6, 0.7, 0.8, 0.9, 1.0]","[2.8, 3.3, 3.45, 3.52, 3.60, 3.68, 3.75, 3.85, 3.95, 4.1, 4.2]",96.0,46.0,0.95,0.95,0.1,8.9,6.74,-2.16,-24.269662921348313,FAIL,G3_7to10s
259,0.64,2.711114,0.0,1.0,3.66,2325.0,2900.0,0.4,1.0,0.5,1.0,0.0,1.0,0.0,2.0,7.5,performance,1.0,0.0,0.0,0.0,0.0,0.0,0.0,0.0,0.0,0.0,1.0,0.0,0.0,0.0,0.0,0.0,0.0,0.0,0.0,0.0,0.0,0.0,0.0,0.0,0.0,0.0,0.0,0.0,0.0,0.0,603.5,352.0,12000.0,0.04,710.0,440.0,12000.0,0.04,4.8,3.7,0.023,2.5,4.2,4.8,15.0,"[0, 0.1, 0.2, 0.3, 0.4, 0.5, 0.6, 0.7, 0.8, 0.9, 1.0]","[2.8, 3.3, 3.45, 3.52, 3.60, 3.68, 3.75, 3.85, 3.95, 4.1, 4.2]",96.0,46.0,0.95,0.95,0.1,9.1,7.625,-1.4749999999999996,-16.208791208791208,FAIL,G3_7to10s
260,0.64,2.711114,0.0,1.0,3.66,2355.0,2904.0,0.4,1.0,0.5,1.0,0.0,1.0,0.0,2.0,7.5,performance,1.0,0.0,0.0,0.0,0.0,0.0,0.0,0.0,0.0,0.0,1.0,0.0,0.0,0.0,0.0,0.0,0.0,0.0,0.0,0.0,0.0,0.0,0.0,0.0,0.0,0.0,0.0,0.0,0.0,0.0,518.5,256.0,12000.0,0.04,610.0,320.0,12000.0,0.04,4.8,3.7,0.023,2.5,4.2,4.8,15.0,"[0, 0.1, 0.2, 0.3, 0.4, 0.5, 0.6, 0.7, 0.8, 0.9, 1.0]","[2.8, 3.3, 3.45, 3.52, 3.60, 3.68, 3.75, 3.85, 3.95, 4.1, 4.2]",96.0,46.0,0.95,0.95,0.1,7.9,6.46,-1.4400000000000004,-18.227848101265824,FAIL,G3_7to10s
262,0.64,2.771503,1.0,0.0,3.66,1537.0,2624.0,0.4,1.0,0.5,1.0,0.0,1.0,0.0,2.0,0.0,performance,1.0,0.0,0.0,0.0,0.0,0.0,0.0,0.0,1.0,0.0,0.0,0.0,0.0,0.0,0.0,0.0,0.0,0.0,0.0,0.0,0.0,0.0,0.0,0.0,0.0,0.0,0.0,0.0,0.0,0.0,0.0,0.0,0.0,0.04,245.0,110.0,12000.0,0.04,4.8,3.7,0.023,2.5,4.2,4.8,15.0,"[0, 0.1, 0.2, 0.3, 0.4, 0.5, 0.6, 0.7, 0.8, 0.9, 1.0]","[2.8, 3.3, 3.45, 3.52, 3.60, 3.68, 3.75, 3.85, 3.95, 4.1, 4.2]",96.0,46.0,0.95,0.95,0.1,7.2,7.355,0.15500000000000025,2.1527777777777812,PASS,G3_7to10s
264,0.68,2.842176,1.0,0.0,3.66,1447.0,2540.0,0.4,1.0,0.5,1.0,0.0,1.0,0.0,2.0,0.0,performance,1.0,0.0,0.0,0.0,0.0,0.0,0.0,0.0,1.0,0.0,0.0,0.0,0.0,0.0,0.0,0.0,0.0,0.0,0.0,0.0,0.0,0.0,0.0,0.0,0.0,0.0,0.0,0.0,0.0,0.0,0.0,0.0,0.0,0.04,225.0,90.0,12000.0,0.04,4.8,3.7,0.023,2.5,4.2,4.8,15.0,"[0, 0.1, 0.2, 0.3, 0.4, 0.5, 0.6, 0.7, 0.8, 0.9, 1.0]","[2.8, 3.3, 3.45, 3.52, 3.60, 3.68, 3.75, 3.85, 3.95, 4.1, 4.2]",96.0,46.0,0.95,0.95,0.1,8.7,7.22,-1.4799999999999995,-17.01149425287356,FAIL,G3_7to10s
265,0.64,2.657452,1.0,0.0,3.66,1783.0,2685.0,0.4,1.0,0.5,1.0,0.0,1.0,0.0,2.0,0.0,performance,1.0,0.0,0.0,0.0,0.0,0.0,0.0,0.0,1.0,0.0,0.0,0.0,0.0,0.0,0.0,0.0,0.0,0.0,0.0,0.0,0.0,0.0,0.0,0.0,0.0,0.0,0.0,0.0,0.0,0.0,0.0,0.0,0.0,0.04,300.0,160.0,12000.0,0.04,4.8,3.7,0.023,2.5,4.2,4.8,15.0,"[0, 0.1, 0.2, 0.3, 0.4, 0.5, 0.6, 0.7, 0.8, 0.9, 1.0]","[2.8, 3.3, 3.45, 3.52, 3.60, 3.68, 3.75, 3.85, 3.95, 4.1, 4.2]",96.0,46.0,0.95,0.95,0.1,9.2,6.94,-2.259999999999999,-24.565217391304337,FAIL,G3_7to10s
266,0.64,2.657452,1.0,0.0,3.66,1822.0,2785.0,0.4,1.0,0.5,1.0,0.0,1.0,0.0,2.0,0.0,performance,1.0,0.0,0.0,0.0,0.0,0.0,0.0,0.0,1.0,0.0,0.0,0.0,0.0,0.0,0.0,0.0,0.0,0.0,0.0,0.0,0.0,0.0,0.0,0.0,0.0,0.0,0.0,0.0,0.0,0.0,0.0,0.0,0.0,0.04,280.0,125.0,12000.0,0.04,4.8,3.7,0.023,2.5,4.2,4.8,15.0,"[0, 0.1, 0.2, 0.3, 0.4, 0.5, 0.6, 0.7, 0.8, 0.9, 1.0]","[2.8, 3.3, 3.45, 3.52, 3.60, 3.68, 3.75, 3.85, 3.95, 4.1, 4.2]",96.0,46.0,0.95,0.95,0.1,7.9,7.3,-0.6000000000000005,-7.594936708860765,PASS,G3_7to10s
270,0.64,2.643354,1.0,0.0,3.66,1503.0,2588.0,0.4,1.0,0.5,1.0,0.0,1.0,0.0,2.0,0.0,performance,1.0,0.0,0.0,0.0,0.0,0.0,0.0,0.0,1.0,0.0,0.0,0.0,0.0,0.0,0.0,0.0,0.0,0.0,0.0,0.0,0.0,0.0,0.0,0.0,0.0,0.0,0.0,0.0,0.0,0.0,0.0,0.0,0.0,0.04,220.0,43.0,12000.0,0.04,4.8,3.7,0.023,2.5,4.2,4.8,15.0,"[0, 0.1, 0.2, 0.3, 0.4, 0.5, 0.6, 0.7, 0.8, 0.9, 1.0]","[2.8, 3.3, 3.45, 3.52, 3.60, 3.68, 3.75, 3.85, 3.95, 4.1, 4.2]",96.0,46.0,0.95,0.95,0.1,8.2,6.335,-1.8649999999999993,-22.74390243902438,FAIL,G3_7to10s
272,0.68,2.70226,0.0,1.0,3.66,2150.0,2745.0,0.4,1.0,0.5,1.0,0.0,1.0,0.0,2.0,7.5,performance,1.0,0.0,0.0,0.0,0.0,0.0,0.0,0.0,0.0,0.0,0.0,0.0,1.0,0.0,0.0,0.0,0.0,0.0,0.0,0.0,0.0,0.0,0.0,0.0,0.0,0.0,0.0,0.0,0.0,0.0,280.0,100.0,12000.0,0.04,280.0,1408.0,12000.0,0.04,4.8,3.7,0.023,2.5,4.2,4.8,15.0,"[0, 0.1, 0.2, 0.3, 0.4, 0.5, 0.6, 0.7, 0.8, 0.9, 1.0]","[2.8, 3.3, 3.45, 3.52, 3.60, 3.68, 3.75, 3.85, 3.95, 4.1, 4.2]",96.0,46.0,0.95,0.95,0.1,8.3,5.9,-2.4000000000000004,-28.915662650602414,FAIL,G3_7to10s
273,0.68,2.70226,0.0,1.0,3.66,2890.0,3210.0,0.4,1.0,0.5,1.0,0.0,1.0,0.0,2.0,7.5,performance,1.0,0.0,0.0,0.0,0.0,0.0,0.0,0.0,0.0,0.0,1.0,0.0,0.0,0.0,0.0,0.0,0.0,0.0,0.0,0.0,0.0,0.0,0.0,0.0,0.0,0.0,0.0,0.0,0.0,0.0,710.0,344.0,12000.0,0.04,900.0,430.0,12000.0,0.04,4.8,3.7,0.023,2.5,4.2,4.8,15.0,"[0, 0.1, 0.2, 0.3, 0.4, 0.5, 0.6, 0.7, 0.8, 0.9, 1.0]","[2.8, 3.3, 3.45, 3.52, 3.60, 3.68, 3.75, 3.85, 3.95, 4.1, 4.2]",96.0,46.0,0.95,0.95,0.1,9.1,6.53,-2.5699999999999994,-28.241758241758237,FAIL,G3_7to10s
274,0.64,2.399088,0.0,0.0,3.66,1949.0,2770.0,0.4,1.0,0.5,1.0,0.0,1.0,0.0,2.0,0.0,performance,1.0,0.0,0.0,0.0,0.0,0.0,0.0,0.0,1.0,0.0,0.0,0.0,0.0,0.0,0.0,0.0,0.0,0.0,0.0,0.0,0.0,0.0,0.0,0.0,0.0,0.0,0.0,0.0,0.0,0.0,0.0,0.0,0.0,0.04,310.0,125.0,12000.0,0.04,4.8,3.7,0.023,2.5,4.2,4.8,15.0,"[0, 0.1, 0.2, 0.3, 0.4, 0.5, 0.6, 0.7, 0.8, 0.9, 1.0]","[2.8, 3.3, 3.45, 3.52, 3.60, 3.68, 3.75, 3.85, 3.95, 4.1, 4.2]",96.0,46.0,0.95,0.95,0.1,8.4,6.555,-1.8450000000000006,-21.964285714285722,FAIL,G3_7to10s
275,0.68,3.172741,0.0,0.0,3.66,1949.0,2770.0,0.4,1.0,0.5,1.0,0.0,1.0,0.0,2.0,0.0,performance,1.0,0.0,0.0,0.0,0.0,0.0,0.0,0.0,1.0,0.0,0.0,0.0,0.0,0.0,0.0,0.0,0.0,0.0,0.0,0.0,0.0,0.0,0.0,0.0,0.0,0.0,0.0,0.0,0.0,0.0,0.0,0.0,0.0,0.04,310.0,125.0,12000.0,0.04,4.8,3.7,0.023,2.5,4.2,4.8,15.0,"[0, 0.1, 0.2, 0.3, 0.4, 0.5, 0.6, 0.7, 0.8, 0.9, 1.0]","[2.8, 3.3, 3.45, 3.52, 3.60, 3.68, 3.75, 3.85, 3.95, 4.1, 4.2]",96.0,46.0,0.95,0.95,0.1,9.1,8.645,-0.45500000000000007,-5.000000000000001,PASS,G3_7to10s
276,0.72,3.116136,0.0,0.0,3.66,1949.0,2770.0,0.4,1.0,0.5,1.0,0.0,1.0,0.0,2.0,0.0,performance,1.0,0.0,0.0,0.0,0.0,0.0,0.0,0.0,1.0,0.0,0.0,0.0,0.0,0.0,0.0,0.0,0.0,0.0,0.0,0.0,0.0,0.0,0.0,0.0,0.0,0.0,0.0,0.0,0.0,0.0,0.0,0.0,0.0,0.04,310.0,125.0,12000.0,0.04,4.8,3.7,0.023,2.5,4.2,4.8,15.0,"[0, 0.1, 0.2, 0.3, 0.4, 0.5, 0.6, 0.7, 0.8, 0.9, 1.0]","[2.8, 3.3, 3.45, 3.52, 3.60, 3.68, 3.75, 3.85, 3.95, 4.1, 4.2]",96.0,46.0,0.95,0.95,0.1,8.7,9.53,0.8300000000000001,9.540229885057473,PASS,G3_7to10s
277,0.72,3.116136,0.0,0.0,3.66,2162.0,2770.0,0.4,1.0,0.5,1.0,0.0,1.0,0.0,2.0,0.0,performance,1.0,0.0,0.0,0.0,0.0,0.0,0.0,0.0,1.0,0.0,0.0,0.0,0.0,0.0,0.0,0.0,0.0,0.0,0.0,0.0,0.0,0.0,0.0,0.0,0.0,0.0,0.0,0.0,0.0,0.0,0.0,0.0,0.0,0.04,545.0,210.0,12000.0,0.04,4.8,3.7,0.023,2.5,4.2,4.8,15.0,"[0, 0.1, 0.2, 0.3, 0.4, 0.5, 0.6, 0.7, 0.8, 0.9, 1.0]","[2.8, 3.3, 3.45, 3.52, 3.60, 3.68, 3.75, 3.85, 3.95, 4.1, 4.2]",96.0,46.0,0.95,0.95,0.1,8.0,11.275,3.2750000000000004,40.93750000000001,FAIL,G3_7to10s
278,0.72,3.116136,0.0,1.0,3.66,2270.0,2773.0,0.4,1.0,0.5,1.0,0.0,1.0,0.0,2.0,7.5,performance,1.0,0.0,0.0,0.0,0.0,0.0,0.0,0.0,0.0,0.0,1.0,0.0,0.0,0.0,0.0,0.0,0.0,0.0,0.0,0.0,0.0,0.0,0.0,0.0,0.0,0.0,0.0,0.0,0.0,0.0,545.0,200.0,12000.0,0.04,134.0,250.0,12000.0,0.04,4.8,3.7,0.023,2.5,4.2,4.8,15.0,"[0, 0.1, 0.2, 0.3, 0.4, 0.5, 0.6, 0.7, 0.8, 0.9, 1.0]","[2.8, 3.3, 3.45, 3.52, 3.60, 3.68, 3.75, 3.85, 3.95, 4.1, 4.2]",96.0,46.0,0.95,0.95,0.1,7.9,8.93,1.0299999999999994,13.037974683544295,FAIL,G3_7to10s
279,0.72,3.116136,0.0,0.0,3.66,1992.0,2770.0,0.4,1.0,0.5,1.0,0.0,1.0,0.0,2.0,0.0,performance,1.0,0.0,0.0,0.0,0.0,0.0,0.0,0.0,1.0,0.0,0.0,0.0,0.0,0.0,0.0,0.0,0.0,0.0,0.0,0.0,0.0,0.0,0.0,0.0,0.0,0.0,0.0,0.0,0.0,0.0,0.0,0.0,0.0,0.04,310.0,132.0,12000.0,0.04,4.8,3.7,0.023,2.5,4.2,4.8,15.0,"[0, 0.1, 0.2, 0.3, 0.4, 0.5, 0.6, 0.7, 0.8, 0.9, 1.0]","[2.8, 3.3, 3.45, 3.52, 3.60, 3.68, 3.75, 3.85, 3.95, 4.1, 4.2]",96.0,46.0,0.95,0.95,0.1,7.7,7.625,-0.07500000000000018,-0.9740259740259762,PASS,G3_7to10s
280,0.68,3.084108,0.0,0.0,3.66,1992.0,2770.0,0.4,1.0,0.5,1.0,0.0,1.0,0.0,2.0,0.0,performance,1.0,0.0,0.0,0.0,0.0,0.0,0.0,0.0,1.0,0.0,0.0,0.0,0.0,0.0,0.0,0.0,0.0,0.0,0.0,0.0,0.0,0.0,0.0,0.0,0.0,0.0,0.0,0.0,0.0,0.0,0.0,0.0,0.0,0.04,310.0,132.0,12000.0,0.04,4.8,3.7,0.023,2.5,4.2,4.8,15.0,"[0, 0.1, 0.2, 0.3, 0.4, 0.5, 0.6, 0.7, 0.8, 0.9, 1.0]","[2.8, 3.3, 3.45, 3.52, 3.60, 3.68, 3.75, 3.85, 3.95, 4.1, 4.2]",96.0,46.0,0.95,0.95,0.1,7.7,10.125,2.425,31.49350649350649,FAIL,G3_7to10s
281,0.68,3.04398,0.0,0.0,3.66,1992.0,2770.0,0.4,1.0,0.5,1.0,0.0,1.0,0.0,2.0,0.0,performance,1.0,0.0,0.0,0.0,0.0,0.0,0.0,0.0,1.0,0.0,0.0,0.0,0.0,0.0,0.0,0.0,0.0,0.0,0.0,0.0,0.0,0.0,0.0,0.0,0.0,0.0,0.0,0.0,0.0,0.0,0.0,0.0,0.0,0.04,310.0,132.0,12000.0,0.04,4.8,3.7,0.023,2.5,4.2,4.8,15.0,"[0, 0.1, 0.2, 0.3, 0.4, 0.5, 0.6, 0.7, 0.8, 0.9, 1.0]","[2.8, 3.3, 3.45, 3.52, 3.60, 3.68, 3.75, 3.85, 3.95, 4.1, 4.2]",96.0,46.0,0.95,0.95,0.1,7.3,8.345,1.0450000000000008,14.315068493150696,FAIL,G3_7to10s
288,0.68,2.869264,0.0,0.0,3.66,2200.0,2900.0,0.4,1.0,0.5,1.0,0.0,1.0,0.0,2.0,0.0,performance,1.0,0.0,0.0,0.0,0.0,0.0,0.0,0.0,1.0,0.0,0.0,0.0,0.0,0.0,0.0,0.0,0.0,0.0,0.0,0.0,0.0,0.0,0.0,0.0,0.0,0.0,0.0,0.0,0.0,0.0,0.0,0.0,0.0,0.04,373.0,250.0,12000.0,0.04,4.8,3.7,0.023,2.5,4.2,4.8,15.0,"[0, 0.1, 0.2, 0.3, 0.4, 0.5, 0.6, 0.7, 0.8, 0.9, 1.0]","[2.8, 3.3, 3.45, 3.52, 3.60, 3.68, 3.75, 3.85, 3.95, 4.1, 4.2]",96.0,46.0,0.95,0.95,0.1,8.5,8.82,0.3200000000000003,3.7647058823529442,PASS,G3_7to10s
294,0.72,3.941991,0.0,1.0,4.0,1929.0,2875.0,0.4,1.0,0.5,1.0,0.0,1.0,0.0,3.0,7.5,performance,1.0,0.0,0.0,0.0,0.0,0.0,0.0,0.0,0.0,0.0,1.0,0.0,0.0,0.0,0.0,0.0,0.0,0.0,0.0,0.0,0.0,0.0,0.0,0.0,0.0,0.0,0.0,0.0,0.0,0.0,250.0,126.4,12000.0,0.04,300.0,158.0,12000.0,0.04,4.8,3.7,0.023,2.5,4.2,4.8,15.0,"[0, 0.1, 0.2, 0.3, 0.4, 0.5, 0.6, 0.7, 0.8, 0.9, 1.0]","[2.8, 3.3, 3.45, 3.52, 3.60, 3.68, 3.75, 3.85, 3.95, 4.1, 4.2]",96.0,46.0,0.95,0.95,0.1,8.2,10.295,2.0950000000000006,25.54878048780489,FAIL,G3_7to10s
295,0.64,2.66585,0.0,0.0,4.0,1836.0,2875.0,0.4,1.0,0.5,1.0,0.0,1.0,0.0,3.0,0.0,performance,1.0,0.0,0.0,0.0,0.0,0.0,0.0,0.0,1.0,0.0,0.0,0.0,0.0,0.0,0.0,0.0,0.0,0.0,0.0,0.0,0.0,0.0,0.0,0.0,0.0,0.0,0.0,0.0,0.0,0.0,0.0,0.0,0.0,0.04,420.0,208.0,12000.0,0.04,4.8,3.7,0.023,2.5,4.2,4.8,15.0,"[0, 0.1, 0.2, 0.3, 0.4, 0.5, 0.6, 0.7, 0.8, 0.9, 1.0]","[2.8, 3.3, 3.45, 3.52, 3.60, 3.68, 3.75, 3.85, 3.95, 4.1, 4.2]",96.0,46.0,0.95,0.95,0.1,8.4,8.135,-0.26500000000000057,-3.1547619047619118,PASS,G3_7to10s
296,0.64,2.66585,0.0,0.0,4.0,1822.0,2875.0,0.4,1.0,0.5,1.0,0.0,1.0,0.0,3.0,0.0,performance,1.0,0.0,0.0,0.0,0.0,0.0,0.0,0.0,1.0,0.0,0.0,0.0,0.0,0.0,0.0,0.0,0.0,0.0,0.0,0.0,0.0,0.0,0.0,0.0,0.0,0.0,0.0,0.0,0.0,0.0,0.0,0.0,0.0,0.04,420.0,235.0,12000.0,0.04,4.8,3.7,0.023,2.5,4.2,4.8,15.0,"[0, 0.1, 0.2, 0.3, 0.4, 0.5, 0.6, 0.7, 0.8, 0.9, 1.0]","[2.8, 3.3, 3.45, 3.52, 3.60, 3.68, 3.75, 3.85, 3.95, 4.1, 4.2]",96.0,46.0,0.95,0.95,0.1,7.2,9.735,2.5349999999999993,35.20833333333332,FAIL,G3_7to10s
297,0.64,2.66585,0.0,1.0,4.0,2170.0,2960.0,0.4,1.0,0.5,1.0,0.0,1.0,0.0,3.0,7.5,performance,1.0,0.0,0.0,0.0,0.0,0.0,0.0,0.0,0.0,0.0,1.0,0.0,0.0,0.0,0.0,0.0,0.0,0.0,0.0,0.0,0.0,0.0,0.0,0.0,0.0,0.0,0.0,0.0,0.0,0.0,250.0,394.4,12000.0,0.04,300.0,493.0,12000.0,0.04,4.8,3.7,0.023,2.5,4.2,4.8,15.0,"[0, 0.1, 0.2, 0.3, 0.4, 0.5, 0.6, 0.7, 0.8, 0.9, 1.0]","[2.8, 3.3, 3.45, 3.52, 3.60, 3.68, 3.75, 3.85, 3.95, 4.1, 4.2]",96.0,46.0,0.95,0.95,0.1,9.1,9.145,0.04499999999999993,0.4945054945054937,PASS,G3_7to10s
299,0.64,2.83798,0.0,0.0,4.0,2108.0,2960.0,0.4,1.0,0.5,1.0,0.0,1.0,0.0,3.0,0.0,performance,1.0,0.0,0.0,0.0,0.0,0.0,0.0,0.0,1.0,0.0,0.0,0.0,0.0,0.0,0.0,0.0,0.0,0.0,0.0,0.0,0.0,0.0,0.0,0.0,0.0,0.0,0.0,0.0,0.0,0.0,0.0,0.0,0.0,0.04,440.0,193.0,12000.0,0.04,4.8,3.7,0.023,2.5,4.2,4.8,15.0,"[0, 0.1, 0.2, 0.3, 0.4, 0.5, 0.6, 0.7, 0.8, 0.9, 1.0]","[2.8, 3.3, 3.45, 3.52, 3.60, 3.68, 3.75, 3.85, 3.95, 4.1, 4.2]",96.0,46.0,0.95,0.95,0.1,9.8,8.09,-1.7100000000000009,-17.448979591836743,FAIL,G3_7to10s
300,0.64,2.83798,0.0,1.0,4.0,2415.0,2965.0,0.4,1.0,0.5,1.0,0.0,1.0,0.0,3.0,7.5,performance,1.0,0.0,0.0,0.0,0.0,0.0,0.0,0.0,0.0,0.0,1.0,0.0,0.0,0.0,0.0,0.0,0.0,0.0,0.0,0.0,0.0,0.0,0.0,0.0,0.0,0.0,0.0,0.0,0.0,0.0,250.0,394.4,12000.0,0.04,300.0,493.0,12000.0,0.04,4.8,3.7,0.023,2.5,4.2,4.8,15.0,"[0, 0.1, 0.2, 0.3, 0.4, 0.5, 0.6, 0.7, 0.8, 0.9, 1.0]","[2.8, 3.3, 3.45, 3.52, 3.60, 3.68, 3.75, 3.85, 3.95, 4.1, 4.2]",96.0,46.0,0.95,0.95,0.1,9.9,9.895,-0.005000000000000782,-0.0505050505050584,PASS,G3_7to10s
301,0.64,2.83798,0.0,1.0,4.0,2415.0,2965.0,0.4,1.0,0.5,1.0,0.0,1.0,0.0,3.0,7.5,performance,1.0,0.0,0.0,0.0,0.0,0.0,0.0,0.0,0.0,0.0,1.0,0.0,0.0,0.0,0.0,0.0,0.0,0.0,0.0,0.0,0.0,0.0,0.0,0.0,0.0,0.0,0.0,0.0,0.0,0.0,250.0,394.4,12000.0,0.04,300.0,493.0,12000.0,0.04,4.8,3.7,0.023,2.5,4.2,4.8,15.0,"[0, 0.1, 0.2, 0.3, 0.4, 0.5, 0.6, 0.7, 0.8, 0.9, 1.0]","[2.8, 3.3, 3.45, 3.52, 3.60, 3.68, 3.75, 3.85, 3.95, 4.1, 4.2]",96.0,46.0,0.95,0.95,0.1,8.4,9.965,1.5649999999999995,18.630952380952372,FAIL,G3_7to10s
305,0.72,3.366316,0.0,1.0,4.0,2415.0,2965.0,0.4,1.0,0.5,1.0,0.0,1.0,0.0,3.0,7.5,performance,1.0,0.0,0.0,0.0,0.0,0.0,0.0,0.0,0.0,0.0,1.0,0.0,0.0,0.0,0.0,0.0,0.0,0.0,0.0,0.0,0.0,0.0,0.0,0.0,0.0,0.0,0.0,0.0,0.0,0.0,250.0,394.4,12000.0,0.04,300.0,493.0,12000.0,0.04,4.8,3.7,0.023,2.5,4.2,4.8,15.0,"[0, 0.1, 0.2, 0.3, 0.4, 0.5, 0.6, 0.7, 0.8, 0.9, 1.0]","[2.8, 3.3, 3.45, 3.52, 3.60, 3.68, 3.75, 3.85, 3.95, 4.1, 4.2]",96.0,46.0,0.95,0.95,0.1,8.5,4.745,-3.755,-44.1764705882353,FAIL,G3_7to10s
310,0.64,2.086077,0.0,0.0,4.0,2003.0,2890.0,0.4,1.0,0.5,1.0,0.0,1.0,0.0,3.0,0.0,performance,1.0,0.0,0.0,0.0,0.0,0.0,0.0,0.0,1.0,0.0,0.0,0.0,0.0,0.0,0.0,0.0,0.0,0.0,0.0,0.0,0.0,0.0,0.0,0.0,0.0,0.0,0.0,0.0,0.0,0.0,0.0,0.0,0.0,0.04,355.0,220.0,12000.0,0.04,4.8,3.7,0.023,2.5,4.2,4.8,15.0,"[0, 0.1, 0.2, 0.3, 0.4, 0.5, 0.6, 0.7, 0.8, 0.9, 1.0]","[2.8, 3.3, 3.45, 3.52, 3.60, 3.68, 3.75, 3.85, 3.95, 4.1, 4.2]",96.0,46.0,0.95,0.95,0.1,9.2,7.25,-1.9499999999999993,-21.19565217391304,FAIL,G3_7to10s
311,0.68,3.119704,0.0,1.0,4.0,2054.0,2890.0,0.4,1.0,0.5,1.0,0.0,1.0,0.0,3.0,7.5,performance,1.0,0.0,0.0,0.0,0.0,0.0,0.0,0.0,0.0,0.0,1.0,0.0,0.0,0.0,0.0,0.0,0.0,0.0,0.0,0.0,0.0,0.0,0.0,0.0,0.0,0.0,0.0,0.0,0.0,0.0,432.65,219.2,12000.0,0.04,509.0,274.0,12000.0,0.04,4.8,3.7,0.023,2.5,4.2,4.8,15.0,"[0, 0.1, 0.2, 0.3, 0.4, 0.5, 0.6, 0.7, 0.8, 0.9, 1.0]","[2.8, 3.3, 3.45, 3.52, 3.60, 3.68, 3.75, 3.85, 3.95, 4.1, 4.2]",96.0,46.0,0.95,0.95,0.1,8.5,6.885,-1.6150000000000002,-19.000000000000004,FAIL,G3_7to10s
312,0.68,3.119704,1.0,0.0,4.0,2014.0,2850.0,0.4,1.0,0.5,1.0,0.0,1.0,0.0,3.0,0.0,performance,1.0,0.0,0.0,0.0,0.0,0.0,0.0,0.0,1.0,0.0,0.0,0.0,0.0,0.0,0.0,0.0,0.0,0.0,0.0,0.0,0.0,0.0,0.0,0.0,0.0,0.0,0.0,0.0,0.0,0.0,0.0,0.0,0.0,0.04,268.0,123.0,12000.0,0.04,4.8,3.7,0.023,2.5,4.2,4.8,15.0,"[0, 0.1, 0.2, 0.3, 0.4, 0.5, 0.6, 0.7, 0.8, 0.9, 1.0]","[2.8, 3.3, 3.45, 3.52, 3.60, 3.68, 3.75, 3.85, 3.95, 4.1, 4.2]",96.0,46.0,0.95,0.95,0.1,7.4,5.825,-1.5750000000000002,-21.283783783783786,FAIL,G3_7to10s
316,0.72,3.069,1.0,0.0,4.0,1775.0,2700.0,0.4,1.0,0.5,1.0,0.0,1.0,0.0,3.0,0.0,performance,1.0,0.0,0.0,0.0,0.0,0.0,0.0,0.0,1.0,0.0,0.0,0.0,0.0,0.0,0.0,0.0,0.0,0.0,0.0,0.0,0.0,0.0,0.0,0.0,0.0,0.0,0.0,0.0,0.0,0.0,0.0,0.0,0.0,0.04,193.0,106.0,12000.0,0.04,4.8,3.7,0.023,2.5,4.2,4.8,15.0,"[0, 0.1, 0.2, 0.3, 0.4, 0.5, 0.6, 0.7, 0.8, 0.9, 1.0]","[2.8, 3.3, 3.45, 3.52, 3.60, 3.68, 3.75, 3.85, 3.95, 4.1, 4.2]",96.0,46.0,0.95,0.95,0.1,7.9,7.0200000000000005,-0.8799999999999999,-11.139240506329113,FAIL,G3_7to10s
318,0.68,2.943,1.0,0.0,4.0,1975.0,2730.0,0.4,1.0,0.5,1.0,0.0,1.0,0.0,3.0,0.0,performance,1.0,0.0,0.0,0.0,0.0,0.0,0.0,0.0,1.0,0.0,0.0,0.0,0.0,0.0,0.0,0.0,0.0,0.0,0.0,0.0,0.0,0.0,0.0,0.0,0.0,0.0,0.0,0.0,0.0,0.0,0.0,0.0,0.0,0.04,250.0,130.0,12000.0,0.04,4.8,3.7,0.023,2.5,4.2,4.8,15.0,"[0, 0.1, 0.2, 0.3, 0.4, 0.5, 0.6, 0.7, 0.8, 0.9, 1.0]","[2.8, 3.3, 3.45, 3.52, 3.60, 3.68, 3.75, 3.85, 3.95, 4.1, 4.2]",96.0,46.0,0.95,0.95,0.1,7.9,5.89,-2.0100000000000007,-25.443037974683552,FAIL,G3_7to10s
326,0.68,2.979943,0.0,0.0,4.0,2410.0,3102.0,0.4,1.0,0.5,1.0,0.0,1.0,0.0,3.0,0.0,performance,1.0,0.0,0.0,0.0,0.0,0.0,0.0,0.0,1.0,0.0,0.0,0.0,0.0,0.0,0.0,0.0,0.0,0.0,0.0,0.0,0.0,0.0,0.0,0.0,0.0,0.0,0.0,0.0,0.0,0.0,0.0,0.0,0.0,0.04,480.0,245.0,12000.0,0.04,4.8,3.7,0.023,2.5,4.2,4.8,15.0,"[0, 0.1, 0.2, 0.3, 0.4, 0.5, 0.6, 0.7, 0.8, 0.9, 1.0]","[2.8, 3.3, 3.45, 3.52, 3.60, 3.68, 3.75, 3.85, 3.95, 4.1, 4.2]",96.0,46.0,0.95,0.95,0.1,8.6,7.9350000000000005,-0.6649999999999991,-7.732558139534874,PASS,G3_7to10s
327,0.68,2.979943,0.0,1.0,4.0,1960.0,2650.0,0.4,1.0,0.5,1.0,0.0,1.0,0.0,3.0,7.5,performance,1.0,0.0,0.0,0.0,0.0,0.0,0.0,0.0,0.0,0.0,1.0,0.0,0.0,0.0,0.0,0.0,0.0,0.0,0.0,0.0,0.0,0.0,0.0,0.0,0.0,0.0,0.0,0.0,0.0,0.0,343.0,92.0,12000.0,0.04,200.0,115.0,12000.0,0.04,4.8,3.7,0.023,2.5,4.2,4.8,15.0,"[0, 0.1, 0.2, 0.3, 0.4, 0.5, 0.6, 0.7, 0.8, 0.9, 1.0]","[2.8, 3.3, 3.45, 3.52, 3.60, 3.68, 3.75, 3.85, 3.95, 4.1, 4.2]",96.0,46.0,0.95,0.95,0.1,8.9,8.58,-0.3200000000000003,-3.595505617977531,PASS,G3_7to10s
328,0.68,3.002332,0.0,1.0,4.0,1960.0,2650.0,0.4,1.0,0.5,1.0,0.0,1.0,0.0,3.0,7.5,performance,1.0,0.0,0.0,0.0,0.0,0.0,0.0,0.0,0.0,0.0,1.0,0.0,0.0,0.0,0.0,0.0,0.0,0.0,0.0,0.0,0.0,0.0,0.0,0.0,0.0,0.0,0.0,0.0,0.0,0.0,343.0,92.0,12000.0,0.04,200.0,115.0,12000.0,0.04,4.8,3.7,0.023,2.5,4.2,4.8,15.0,"[0, 0.1, 0.2, 0.3, 0.4, 0.5, 0.6, 0.7, 0.8, 0.9, 1.0]","[2.8, 3.3, 3.45, 3.52, 3.60, 3.68, 3.75, 3.85, 3.95, 4.1, 4.2]",96.0,46.0,0.95,0.95,0.1,7.9,5.925,-1.9750000000000005,-25.000000000000007,FAIL,G3_7to10s
329,0.68,2.84735,0.0,1.0,4.0,1960.0,2650.0,0.4,1.0,0.5,1.0,0.0,1.0,0.0,3.0,7.5,performance,1.0,0.0,0.0,0.0,0.0,0.0,0.0,0.0,0.0,0.0,1.0,0.0,0.0,0.0,0.0,0.0,0.0,0.0,0.0,0.0,0.0,0.0,0.0,0.0,0.0,0.0,0.0,0.0,0.0,0.0,343.0,92.0,12000.0,0.04,200.0,115.0,12000.0,0.04,4.8,3.7,0.023,2.5,4.2,4.8,15.0,"[0, 0.1, 0.2, 0.3, 0.4, 0.5, 0.6, 0.7, 0.8, 0.9, 1.0]","[2.8, 3.3, 3.45, 3.52, 3.60, 3.68, 3.75, 3.85, 3.95, 4.1, 4.2]",96.0,46.0,0.95,0.95,0.1,7.2,6.625,-0.5750000000000002,-7.986111111111113,PASS,G3_7to10s
332,0.68,2.84735,0.0,0.0,4.0,2040.0,2702.0,0.4,1.0,0.5,1.0,0.0,1.0,0.0,3.0,0.0,performance,1.0,0.0,0.0,0.0,0.0,0.0,0.0,0.0,1.0,0.0,0.0,0.0,0.0,0.0,0.0,0.0,0.0,0.0,0.0,0.0,0.0,0.0,0.0,0.0,0.0,0.0,0.0,0.0,0.0,0.0,0.0,0.0,0.0,0.04,420.0,175.0,12000.0,0.04,4.8,3.7,0.023,2.5,4.2,4.8,15.0,"[0, 0.1, 0.2, 0.3, 0.4, 0.5, 0.6, 0.7, 0.8, 0.9, 1.0]","[2.8, 3.3, 3.45, 3.52, 3.60, 3.68, 3.75, 3.85, 3.95, 4.1, 4.2]",96.0,46.0,0.95,0.95,0.1,7.4,5.81,-1.5900000000000007,-21.486486486486495,FAIL,G3_7to10s
337,0.72,3.425216,0.0,0.0,4.0,2580.0,2985.0,0.4,1.0,0.5,1.0,0.0,1.0,0.0,3.0,0.0,performance,1.0,0.0,0.0,0.0,0.0,0.0,0.0,0.0,1.0,0.0,0.0,0.0,0.0,0.0,0.0,0.0,0.0,0.0,0.0,0.0,0.0,0.0,0.0,0.0,0.0,0.0,0.0,0.0,0.0,0.0,0.0,0.0,0.0,0.04,490.0,205.0,12000.0,0.04,4.8,3.7,0.023,2.5,4.2,4.8,15.0,"[0, 0.1, 0.2, 0.3, 0.4, 0.5, 0.6, 0.7, 0.8, 0.9, 1.0]","[2.8, 3.3, 3.45, 3.52, 3.60, 3.68, 3.75, 3.85, 3.95, 4.1, 4.2]",96.0,46.0,0.95,0.95,0.1,7.2,5.345,-1.8550000000000004,-25.763888888888893,FAIL,G3_7to10s
348,0.68,2.829276,0.0,0.0,4.0,1963.0,2771.0,0.4,1.0,0.5,1.0,0.0,1.0,0.0,3.0,0.0,performance,1.0,0.0,0.0,0.0,0.0,0.0,0.0,0.0,1.0,0.0,0.0,0.0,0.0,0.0,0.0,0.0,0.0,0.0,0.0,0.0,0.0,0.0,0.0,0.0,0.0,0.0,0.0,0.0,0.0,0.0,0.0,0.0,0.0,0.04,310.0,125.0,12000.0,0.04,4.8,3.7,0.023,2.5,4.2,4.8,15.0,"[0, 0.1, 0.2, 0.3, 0.4, 0.5, 0.6, 0.7, 0.8, 0.9, 1.0]","[2.8, 3.3, 3.45, 3.52, 3.60, 3.68, 3.75, 3.85, 3.95, 4.1, 4.2]",96.0,46.0,0.95,0.95,0.1,9.8,5.295,-4.505000000000001,-45.96938775510205,FAIL,G3_7to10s
350,0.68,2.992832,0.0,0.0,4.0,2118.0,2770.0,0.4,1.0,0.5,1.0,0.0,1.0,0.0,3.0,0.0,performance,1.0,0.0,0.0,0.0,0.0,0.0,0.0,0.0,1.0,0.0,0.0,0.0,0.0,0.0,0.0,0.0,0.0,0.0,0.0,0.0,0.0,0.0,0.0,0.0,0.0,0.0,0.0,0.0,0.0,0.0,0.0,0.0,0.0,0.04,235.0,128.0,12000.0,0.04,4.8,3.7,0.023,2.5,4.2,4.8,15.0,"[0, 0.1, 0.2, 0.3, 0.4, 0.5, 0.6, 0.7, 0.8, 0.9, 1.0]","[2.8, 3.3, 3.45, 3.52, 3.60, 3.68, 3.75, 3.85, 3.95, 4.1, 4.2]",96.0,46.0,0.95,0.95,0.1,8.0,6.59,-1.4100000000000001,-17.625,FAIL,G3_7to10s
354,0.68,2.860032,0.0,1.0,4.0,2336.0,2971.0,0.4,1.0,0.5,1.0,0.0,1.0,0.0,3.0,7.5,performance,1.0,0.0,0.0,0.0,0.0,0.0,0.0,0.0,0.0,0.0,1.0,0.0,0.0,0.0,0.0,0.0,0.0,0.0,0.0,0.0,0.0,0.0,0.0,0.0,0.0,0.0,0.0,0.0,0.0,0.0,134.0,168.0,12000.0,0.04,545.0,210.0,12000.0,0.04,4.8,3.7,0.023,2.5,4.2,4.8,15.0,"[0, 0.1, 0.2, 0.3, 0.4, 0.5, 0.6, 0.7, 0.8, 0.9, 1.0]","[2.8, 3.3, 3.45, 3.52, 3.60, 3.68, 3.75, 3.85, 3.95, 4.1, 4.2]",96.0,46.0,0.95,0.95,0.1,9.4,8.28,-1.120000000000001,-11.914893617021287,FAIL,G3_7to10s
356,0.68,2.887962,1.0,0.0,4.0,2000.0,2600.0,0.4,1.0,0.5,1.0,0.0,1.0,0.0,3.0,0.0,performance,1.0,0.0,0.0,0.0,0.0,0.0,0.0,0.0,1.0,0.0,0.0,0.0,0.0,0.0,0.0,0.0,0.0,0.0,0.0,0.0,0.0,0.0,0.0,0.0,0.0,0.0,0.0,0.0,0.0,0.0,0.0,0.0,0.0,0.04,123.3541667,155.0,12000.0,0.04,4.8,3.7,0.023,2.5,4.2,4.8,15.0,"[0, 0.1, 0.2, 0.3, 0.4, 0.5, 0.6, 0.7, 0.8, 0.9, 1.0]","[2.8, 3.3, 3.45, 3.52, 3.60, 3.68, 3.75, 3.85, 3.95, 4.1, 4.2]",96.0,46.0,0.95,0.95,0.1,9.8,8.27,-1.5300000000000011,-15.612244897959194,FAIL,G3_7to10s
357,0.68,2.77848,1.0,0.0,4.0,2000.0,2600.0,0.4,1.0,0.5,1.0,0.0,1.0,0.0,3.0,0.0,performance,1.0,0.0,0.0,0.0,0.0,0.0,0.0,0.0,1.0,0.0,0.0,0.0,0.0,0.0,0.0,0.0,0.0,0.0,0.0,0.0,0.0,0.0,0.0,0.0,0.0,0.0,0.0,0.0,0.0,0.0,0.0,0.0,0.0,0.04,123.3541667,155.0,12000.0,0.04,4.8,3.7,0.023,2.5,4.2,4.8,15.0,"[0, 0.1, 0.2, 0.3, 0.4, 0.5, 0.6, 0.7, 0.8, 0.9, 1.0]","[2.8, 3.3, 3.45, 3.52, 3.60, 3.68, 3.75, 3.85, 3.95, 4.1, 4.2]",96.0,46.0,0.95,0.95,0.1,9.3,5.895,-3.405000000000001,-36.61290322580646,FAIL,G3_7to10s
365,0.72,3.168,0.0,1.0,4.0,2340.0,2998.0,0.4,1.0,0.5,1.0,0.0,1.0,0.0,3.0,7.5,performance,1.0,0.0,0.0,0.0,0.0,0.0,0.0,0.0,0.0,0.0,1.0,0.0,0.0,0.0,0.0,0.0,0.0,0.0,0.0,0.0,0.0,0.0,0.0,0.0,0.0,0.0,0.0,0.0,0.0,0.0,287.0,324.0,12000.0,0.04,717.0,405.0,12000.0,0.04,4.8,3.7,0.023,2.5,4.2,4.8,15.0,"[0, 0.1, 0.2, 0.3, 0.4, 0.5, 0.6, 0.7, 0.8, 0.9, 1.0]","[2.8, 3.3, 3.45, 3.52, 3.60, 3.68, 3.75, 3.85, 3.95, 4.1, 4.2]",96.0,46.0,0.95,0.95,0.1,9.6,7.78,-1.8199999999999994,-18.95833333333333,FAIL,G3_7to10s
366,0.72,3.168,0.0,1.0,4.0,2340.0,2998.0,0.4,1.0,0.5,1.0,0.0,1.0,0.0,3.0,7.5,performance,1.0,0.0,0.0,0.0,0.0,0.0,0.0,0.0,0.0,0.0,1.0,0.0,0.0,0.0,0.0,0.0,0.0,0.0,0.0,0.0,0.0,0.0,0.0,0.0,0.0,0.0,0.0,0.0,0.0,0.0,287.0,324.0,12000.0,0.04,717.0,405.0,12000.0,0.04,4.8,3.7,0.023,2.5,4.2,4.8,15.0,"[0, 0.1, 0.2, 0.3, 0.4, 0.5, 0.6, 0.7, 0.8, 0.9, 1.0]","[2.8, 3.3, 3.45, 3.52, 3.60, 3.68, 3.75, 3.85, 3.95, 4.1, 4.2]",96.0,46.0,0.95,0.95,0.1,9.8,9.395,-0.40500000000000114,-4.132653061224501,PASS,G3_7to10s
369,0.72,3.25416,0.0,1.0,4.0,2140.0,2998.0,0.4,1.0,0.5,1.0,0.0,1.0,0.0,3.0,7.5,performance,1.0,0.0,0.0,0.0,0.0,0.0,0.0,0.0,0.0,0.0,1.0,0.0,0.0,0.0,0.0,0.0,0.0,0.0,0.0,0.0,0.0,0.0,0.0,0.0,0.0,0.0,0.0,0.0,0.0,0.0,265.0,278.4,12000.0,0.04,757.0,348.0,12000.0,0.04,4.8,3.7,0.023,2.5,4.2,4.8,15.0,"[0, 0.1, 0.2, 0.3, 0.4, 0.5, 0.6, 0.7, 0.8, 0.9, 1.0]","[2.8, 3.3, 3.45, 3.52, 3.60, 3.68, 3.75, 3.85, 3.95, 4.1, 4.2]",96.0,46.0,0.95,0.95,0.1,9.8,9.765,-0.03500000000000014,-0.35714285714285854,PASS,G3_7to10s
370,0.64,2.7492,0.0,1.0,4.0,2200.0,3000.0,0.4,1.0,0.5,1.0,0.0,1.0,0.0,3.0,7.5,performance,1.0,0.0,0.0,0.0,0.0,0.0,0.0,0.0,0.0,0.0,1.0,0.0,0.0,0.0,0.0,0.0,0.0,0.0,0.0,0.0,0.0,0.0,0.0,0.0,0.0,0.0,0.0,0.0,0.0,0.0,220.0,184.0,12000.0,0.04,450.0,230.0,12000.0,0.04,4.8,3.7,0.023,2.5,4.2,4.8,15.0,"[0, 0.1, 0.2, 0.3, 0.4, 0.5, 0.6, 0.7, 0.8, 0.9, 1.0]","[2.8, 3.3, 3.45, 3.52, 3.60, 3.68, 3.75, 3.85, 3.95, 4.1, 4.2]",96.0,46.0,0.95,0.95,0.1,9.9,9.09,-0.8100000000000005,-8.181818181818185,PASS,G3_7to10s
375,0.68,3.11844,0.0,0.0,4.0,2200.0,2999.0,0.4,1.0,0.5,1.0,0.0,1.0,0.0,3.0,0.0,performance,1.0,0.0,0.0,0.0,0.0,0.0,0.0,0.0,1.0,0.0,0.0,0.0,0.0,0.0,0.0,0.0,0.0,0.0,0.0,0.0,0.0,0.0,0.0,0.0,0.0,0.0,0.0,0.0,0.0,0.0,0.0,0.0,0.0,0.04,343.0,200.0,12000.0,0.04,4.8,3.7,0.023,2.5,4.2,4.8,15.0,"[0, 0.1, 0.2, 0.3, 0.4, 0.5, 0.6, 0.7, 0.8, 0.9, 1.0]","[2.8, 3.3, 3.45, 3.52, 3.60, 3.68, 3.75, 3.85, 3.95, 4.1, 4.2]",96.0,46.0,0.95,0.95,0.1,9.7,9.24,-0.4599999999999991,-4.7422680412371045,PASS,G3_7to10s
386,0.64,2.53368,0.0,1.0,4.0,2040.0,2880.0,0.4,1.0,0.5,1.0,0.0,1.0,0.0,3.0,7.5,performance,1.0,0.0,0.0,0.0,0.0,0.0,0.0,0.0,0.0,0.0,1.0,0.0,0.0,0.0,0.0,0.0,0.0,0.0,0.0,0.0,0.0,0.0,0.0,0.0,0.0,0.0,0.0,0.0,0.0,0.0,212.0,160.0,12000.0,0.04,290.0,200.0,12000.0,0.04,4.8,3.7,0.023,2.5,4.2,4.8,15.0,"[0, 0.1, 0.2, 0.3, 0.4, 0.5, 0.6, 0.7, 0.8, 0.9, 1.0]","[2.8, 3.3, 3.45, 3.52, 3.60, 3.68, 3.75, 3.85, 3.95, 4.1, 4.2]",96.0,46.0,0.95,0.95,0.1,8.5,9.385,0.8849999999999998,10.411764705882351,FAIL,G3_7to10s
387,0.68,3.04,0.0,1.0,4.0,2040.0,2880.0,0.4,1.0,0.5,1.0,0.0,1.0,0.0,3.0,7.5,performance,1.0,0.0,0.0,0.0,0.0,0.0,0.0,0.0,0.0,0.0,1.0,0.0,0.0,0.0,0.0,0.0,0.0,0.0,0.0,0.0,0.0,0.0,0.0,0.0,0.0,0.0,0.0,0.0,0.0,0.0,212.0,160.0,12000.0,0.04,290.0,200.0,12000.0,0.04,4.8,3.7,0.023,2.5,4.2,4.8,15.0,"[0, 0.1, 0.2, 0.3, 0.4, 0.5, 0.6, 0.7, 0.8, 0.9, 1.0]","[2.8, 3.3, 3.45, 3.52, 3.60, 3.68, 3.75, 3.85, 3.95, 4.1, 4.2]",96.0,46.0,0.95,0.95,0.1,9.4,8.205,-1.1950000000000003,-12.71276595744681,FAIL,G3_7to10s
388,0.68,3.04,0.0,1.0,4.0,2040.0,2880.0,0.4,1.0,0.5,1.0,0.0,1.0,0.0,3.0,7.5,performance,1.0,0.0,0.0,0.0,0.0,0.0,0.0,0.0,0.0,0.0,1.0,0.0,0.0,0.0,0.0,0.0,0.0,0.0,0.0,0.0,0.0,0.0,0.0,0.0,0.0,0.0,0.0,0.0,0.0,0.0,212.0,160.0,12000.0,0.04,290.0,200.0,12000.0,0.04,4.8,3.7,0.023,2.5,4.2,4.8,15.0,"[0, 0.1, 0.2, 0.3, 0.4, 0.5, 0.6, 0.7, 0.8, 0.9, 1.0]","[2.8, 3.3, 3.45, 3.52, 3.60, 3.68, 3.75, 3.85, 3.95, 4.1, 4.2]",96.0,46.0,0.95,0.95,0.1,9.3,8.45,-0.8500000000000014,-9.139784946236574,PASS,G3_7to10s
389,0.68,3.04,0.0,0.0,4.0,2073.0,2900.0,0.4,1.0,0.5,1.0,0.0,1.0,0.0,3.0,0.0,performance,1.0,0.0,0.0,0.0,0.0,0.0,0.0,0.0,1.0,0.0,0.0,0.0,0.0,0.0,0.0,0.0,0.0,0.0,0.0,0.0,0.0,0.0,0.0,0.0,0.0,0.0,0.0,0.0,0.0,0.0,0.0,0.0,0.0,0.04,320.0,160.0,12000.0,0.04,4.8,3.7,0.023,2.5,4.2,4.8,15.0,"[0, 0.1, 0.2, 0.3, 0.4, 0.5, 0.6, 0.7, 0.8, 0.9, 1.0]","[2.8, 3.3, 3.45, 3.52, 3.60, 3.68, 3.75, 3.85, 3.95, 4.1, 4.2]",96.0,46.0,0.95,0.95,0.1,9.5,8.45,-1.0500000000000007,-11.052631578947377,FAIL,G3_7to10s
390,0.68,3.13625,0.0,0.0,4.0,613.0,1566.0,0.4,1.0,0.5,1.0,0.0,1.0,0.0,3.0,0.0,performance,1.0,0.0,0.0,0.0,0.0,0.0,0.0,0.0,1.0,0.0,0.0,0.0,0.0,0.0,0.0,0.0,0.0,0.0,0.0,0.0,0.0,0.0,0.0,0.0,0.0,0.0,0.0,0.0,0.0,0.0,0.0,0.0,0.0,0.04,18.0,20.0,12000.0,0.04,4.8,3.7,0.023,2.5,4.2,4.8,15.0,"[0, 0.1, 0.2, 0.3, 0.4, 0.5, 0.6, 0.7, 0.8, 0.9, 1.0]","[2.8, 3.3, 3.45, 3.52, 3.60, 3.68, 3.75, 3.85, 3.95, 4.1, 4.2]",96.0,46.0,0.95,0.95,0.1,9.7,10.095,0.39500000000000135,4.072164948453622,PASS,G3_7to10s
391,0.68,2.210973,1.0,0.0,4.0,1500.0,2830.0,0.4,1.0,0.5,1.0,0.0,1.0,0.0,3.0,0.0,performance,1.0,0.0,0.0,0.0,0.0,0.0,0.0,0.0,1.0,0.0,0.0,0.0,0.0,0.0,0.0,0.0,0.0,0.0,0.0,0.0,0.0,0.0,0.0,0.0,0.0,0.0,0.0,0.0,0.0,0.0,0.0,0.0,0.0,0.04,270.0,339.2670157,12000.0,0.04,4.8,3.7,0.023,2.5,4.2,4.8,15.0,"[0, 0.1, 0.2, 0.3, 0.4, 0.5, 0.6, 0.7, 0.8, 0.9, 1.0]","[2.8, 3.3, 3.45, 3.52, 3.60, 3.68, 3.75, 3.85, 3.95, 4.1, 4.2]",96.0,46.0,0.95,0.95,0.1,9.8,7.72,-2.080000000000001,-21.224489795918373,FAIL,G3_7to10s
