RUN_ID,d_wheel,A_front,HM_VA,AWD,iAG,m_curb,Wheelbase,i_ges_P4,Gear_Ratio,No_Gears,shiftDelay,P0,P2,P3,P4,P4_DM,n_ICE_idle,n_ICE_max,tq_ICE_idle,tq_ICE_max,Pwr_ICE_max_kW,tq_P0_max,Pwr_P0_max_kW,n_P0_max,Pwr_P0_nmax_red_perc,tq_P2_max,Pwr_P2_max_kW,n_P2_max,Pwr_P2_nmax_red_perc,tq_P3_max,Pwr_P3_max_kW,n_P3_max,Pwr_P3_nmax_red_perc,tq_P4_max,Pwr_P4_max_kW,n_P4_max,Pwr_P4_nmax_red_perc
1,0.62,2.67468,1,0,4,1380,2.562,0,"[3.62, 2.19, 1.52, 1.06, 0.84, 0.69]",6,0.35,1,0,0,0,0,750,6500,46,230,100,55,21,18000,0.04,0,0,0,0,0,0,0,0,0,0,0,0
2,0.62,2.67468,1,1,3.8,1575,2.562,0,"[3.45, 2.09, 1.43, 1.0, 0.78, 0.65]",6,0.35,1,0,0,0,0,750,6500,46,230,100,55,21,18000,0.04,0,0,0,0,0,0,0,0,0,0,0,0
3,0.68,3.179913,1,1,3.8,1910,2.636,3.8,"[3.45, 2.09, 1.43, 1.0, 0.78, 0.65]",6,0.35,0,0,0,1,0,750,6500,54,270,110,0,0,0,0,0,0,0,0,0,0,0,0,250,90,15000,0.04
4,0.68,3.179913,1,1,3.8,1910,2.636,3.8,"[3.45, 2.09, 1.43, 1.0, 0.78, 0.65]",6,0.35,0,1,0,1,0,750,6500,48,240,118,0,0,0,0,250,90,10000,0.04,0,0,0,0,166,50,15000,0.04
5,0.68,3.179913,1,0,4,1600,2.636,0,"[3.19, 2.19, 1.52, 1.06, 0.74, 0.56, 0.43]",7,0.35,1,0,0,0,0,750,6500,48,240,118,55,12,18000,0.04,0,0,0,0,0,0,0,0,0,0,0,0
6,0.62,2.488031,1,1,3.8,1575,2.562,0,"[3.45, 2.09, 1.43, 1.0, 0.78, 0.65]",6,0.6,1,0,0,0,0,750,6500,46,230,100,55,21,18000,0.04,0,0,0,0,0,0,0,0,0,0,0,0
7,0.62,2.488031,1,0,4,1600,2.636,0,"[3.19, 2.19, 1.52, 1.06, 0.74, 0.56, 0.43]",7,0.6,1,0,0,0,0,750,6500,48,240,96,55,12,18000,0.04,0,0,0,0,0,0,0,0,0,0,0,0
8,0.62,2.599416,1,1,3.8,2020,2.856,0,"[5.25, 3.36, 2.17, 1.72, 1.32, 1.0, 0.82, 0.64]",8,0.1,1,0,0,0,0,750,7000,146,730,261,55,8,18000,0.04,0,0,0,0,0,0,0,0,0,0,0,0
9,0.65,2.654256,1,0,4,1737,2.73,0,"[3.5, 2.09, 1.43, 0.93, 0.97, 0.78, 0.65]",7,0.1,1,0,0,0,0,750,6500,50,250,118,55,12,18000,0.04,0,0,0,0,0,0,0,0,0,0,0,0
10,0.61,2.205112,1,0,4,1390,2.618,0,"[3.19, 2.19, 1.52, 1.06, 0.74, 0.56, 0.43]",7,0.2,1,0,0,0,0,750,6500,40,200,81,50,9,18000,0.04,0,0,0,0,0,0,0,0,0,0,0,0
11,0.62,2.474736,1,0,4,1395,2.636,0,"[3.5, 2.09, 1.43, 0.93, 0.97, 0.78, 0.65]",7,0.6,1,0,0,0,0,750,6500,50,250,110,55,12,18000,0.04,0,0,0,0,0,0,0,0,0,0,0,0
12,0.62,2.45403,1,0,4,1425,2.628,0,"[3.5, 2.09, 1.43, 0.93, 0.78, 0.65]",6,0.6,1,0,0,0,0,750,6500,50,250,110,55,12,18000,0.04,0,0,0,0,0,0,0,0,0,0,0,0
13,0.62,2.45403,1,0,4,1395,2.636,0,"[3.5, 2.09, 1.43, 0.93, 0.97, 0.78, 0.65]",7,0.6,1,0,0,0,0,750,6500,50,250,110,55,12,18000,0.04,0,0,0,0,0,0,0,0,0,0,0,0
14,0.62,2.45403,1,0,4,1635,2.63,0,"[3.5, 2.77, 1.85, 1.02, 1.02, 0.84]",6,0.1,0,1,0,0,0,750,6500,50,250,110,0,0,0,0,330,80,10000,0.04,0,0,0,0,0,0,0,0
15,0.65,2.63407,1,0,4,1740,2.764,0,"[3.19, 2.19, 1.52, 1.06, 0.74, 0.56, 0.43]",7,0.6,1,0,0,0,0,750,6500,54,270,110,55,12,18000,0.04,0,0,0,0,0,0,0,0,0,0,0,0
16,0.65,2.63407,1,0,4,1770,2.892,0,"[3.19, 2.19, 1.52, 1.06, 0.74, 0.56, 0.43]",7,0.6,1,0,0,0,0,750,6500,56,280,110,55,12,18000,0.04,0,0,0,0,0,0,0,0,0,0,0,0
17,0.65,2.63407,1,0,4,1770,2.892,0,"[3.19, 2.19, 1.52, 1.06, 0.74, 0.56, 0.43]",7,0.6,1,0,0,0,0,750,6500,68,340,150,55,12,18000,0.04,0,0,0,0,0,0,0,0,0,0,0,0
18,0.65,2.63407,1,1,3.8,1825,2.892,0,"[3.19, 2.19, 1.52, 1.06, 0.74, 0.56, 0.43]",7,0.6,1,0,0,0,0,750,6500,68,340,150,55,12,18000,0.04,0,0,0,0,0,0,0,0,0,0,0,0
19,0.62,2.408258,1,1,3.8,2025,2.896,0,"[3.19, 2.19, 1.52, 1.06, 0.74, 0.56, 0.43]",7,0.1,1,0,0,0,0,750,7000,110,550,270,55,12,18000,0.04,0,0,0,0,0,0,0,0,0,0,0,0
20,0.62,2.48712,1,1,3.8,2160,2.892,0,"[3.19, 2.19, 1.52, 1.06, 0.74, 0.56, 0.43]",7,0.1,1,0,0,0,0,750,6500,76,380,185,350,105,18000,0.04,0,0,0,0,0,0,0,0,0,0,0,0
21,0.62,2.48712,1,0,4,1785,2.892,0,"[3.19, 2.19, 1.52, 1.06, 0.74, 0.56, 0.43]",7,0.6,1,0,0,0,0,750,6500,56,280,110,55,12,18000,0.04,0,0,0,0,0,0,0,0,0,0,0,0
22,0.62,2.48712,1,0,4,1785,2.892,0,"[3.19, 2.19, 1.52, 1.06, 0.74, 0.56, 0.43]",7,0.6,1,0,0,0,0,750,6500,68,340,150,55,12,18000,0.04,0,0,0,0,0,0,0,0,0,0,0,0
23,0.62,2.41194,1,1,3.8,2040,2.896,0,"[3.19, 2.19, 1.52, 1.06, 0.74, 0.56, 0.43]",7,0.1,1,0,0,0,0,750,7000,110,550,270,55,12,18000,0.04,0,0,0,0,0,0,0,0,0,0,0,0
24,0.62,2.41194,1,0,4,1715,2.924,0,"[3.19, 2.19, 1.52, 1.06, 0.74, 0.56, 0.43]",7,0.6,1,0,0,0,0,750,6500,74,370,180,55,12,18000,0.04,0,0,0,0,0,0,0,0,0,0,0,0
25,0.62,2.41194,1,1,3.8,1770,2.924,0,"[3.19, 2.19, 1.52, 1.06, 0.74, 0.56, 0.43]",7,0.1,1,0,0,0,0,750,6500,74,370,180,55,12,18000,0.04,0,0,0,0,0,0,0,0,0,0,0,0
26,0.62,2.41194,1,1,3.8,2085,2.924,0,"[3.19, 2.19, 1.52, 1.06, 0.74, 0.56, 0.43]",7,0.1,0,1,0,0,0,750,6500,74,370,185,0,0,0,0,350,105,10000,0.04,0,0,0,0,0,0,0,0
27,0.62,2.30166,1,1,3.8,1945,2.925,0,"[3.19, 2.19, 1.52, 1.06, 0.74, 0.56, 0.43]",7,0.1,1,0,0,0,0,750,7000,100,500,250,55,12,18000,0.04,0,0,0,0,0,0,0,0,0,0,0,0
28,0.62,2.30166,1,0,4,1780,2.924,0,"[3.19, 2.19, 1.52, 1.06, 0.74, 0.56, 0.43]",7,0.6,1,0,0,0,0,750,6500,74,370,180,55,12,18000,0.04,0,0,0,0,0,0,0,0,0,0,0,0
29,0.62,2.30166,1,1,3.8,1835,2.924,0,"[3.19, 2.19, 1.52, 1.06, 0.74, 0.56, 0.43]",7,0.1,1,0,0,0,0,750,6500,74,370,180,55,12,18000,0.04,0,0,0,0,0,0,0,0,0,0,0,0
30,0.62,2.30166,1,1,3.8,1845,2.924,0,"[3.19, 2.19, 1.52, 1.06, 0.74, 0.56, 0.43]",7,0.6,1,0,0,0,0,750,6500,74,370,195,55,12,18000,0.04,0,0,0,0,0,0,0,0,0,0,0,0
31,0.62,2.30166,1,1,3.8,1845,2.924,0,"[3.19, 2.19, 1.52, 1.06, 0.74, 0.56, 0.43]",7,0.1,1,0,0,0,0,750,7000,100,500,250,55,12,18000,0.04,0,0,0,0,0,0,0,0,0,0,0,0
32,0.62,2.27088,1,0,4,1845,2.923,0,"[3.19, 2.19, 1.52, 1.06, 0.74, 0.51, 0.39]",7,0.6,1,0,0,0,0,750,6500,68,340,150,55,12,18000,0.04,0,0,0,0,0,0,0,0,0,0,0,0
33,0.62,2.27088,1,1,3.8,2055,2.923,0,"[3.19, 2.19, 1.52, 1.06, 0.74, 0.56, 0.43]",7,0.1,1,0,0,0,0,750,7000,110,550,270,230,18,18000,0.04,0,0,0,0,0,0,0,0,0,0,0,0
34,0.62,2.27088,1,1,3.8,2225,2.927,0,"[3.19, 2.19, 1.52, 1.06, 0.74, 0.51, 0.39]",7,0.1,0,1,0,0,0,750,6500,76,380,185,0,0,0,0,230,105,10000,0.04,0,0,0,0,0,0,0,0
35,0.62,2.331354,1,1,3.8,2125,2.998,0,"[4.71, 3.14, 2.11, 1.67, 1.28, 1.0, 0.84, 0.67]",8,0.1,1,0,0,0,0,750,6500,132,660,338,55,12,18000,0.04,0,0,0,0,0,0,0,0,0,0,0,0
36,0.62,2.331354,1,1,3.8,2155,3.128,0,"[4.71, 3.14, 2.11, 1.67, 1.28, 1.0, 0.84, 0.67]",8,0.1,1,0,0,0,0,750,6500,132,660,338,55,12,18000,0.04,0,0,0,0,0,0,0,0,0,0,0,0
37,0.62,2.331354,1,1,3.8,2305,2.998,0,"[5.25, 3.36, 2.17, 1.72, 1.32, 1.0, 0.82, 0.64]",8,0.1,1,0,0,0,0,750,6500,160,800,420,55,12,18000,0.04,0,0,0,0,0,0,0,0,0,0,0,0
38,0.62,2.331354,1,1,3.8,2160,2.892,0,"[3.19, 2.19, 1.52, 1.06, 0.74, 0.56, 0.43]",7,0.1,1,0,0,0,0,750,6500,76,380,185,350,105,18000,0.04,0,0,0,0,0,0,0,0,0,0,0,0
39,0.62,2.331354,1,1,3.8,2055,2.923,0,"[3.19, 2.19, 1.52, 1.06, 0.74, 0.56, 0.43]",7,0.1,1,0,0,0,0,750,7000,110,550,270,230,18,18000,0.04,0,0,0,0,0,0,0,0,0,0,0,0
40,0.62,2.327958,1,1,3.8,2075,2.923,0,"[3.19, 2.19, 1.52, 1.06, 0.74, 0.56, 0.43]",7,0.1,1,0,0,0,0,750,7000,110,550,270,230,18,18000,0.04,0,0,0,0,0,0,0,0,0,0,0,0
41,0.62,2.401819,1,1,3.8,2125,2.998,0,"[4.71, 3.14, 2.11, 1.67, 1.28, 1.0, 0.84, 0.67]",8,0.1,1,0,0,0,0,750,6500,132,660,338,55,12,18000,0.04,0,0,0,0,0,0,0,0,0,0,0,0
42,0.62,2.401819,1,0,4,1635,2.681,0,"[3.19, 2.19, 1.52, 1.06, 0.74, 0.56, 0.43]",7,0.6,1,0,0,0,0,750,6500,50,250,110,55,12,18000,0.04,0,0,0,0,0,0,0,0,0,0,0,0
43,0.62,2.401819,1,0,4,1900,2.681,0,"[3.5, 2.09, 1.43, 0.93, 0.78, 0.65]",6,0.1,1,0,0,0,0,750,6500,50,250,130,330,85,18000,0.04,0,0,0,0,0,0,0,0,0,0,0,0
44,0.62,2.401819,1,0,4,1635,2.681,0,"[3.19, 2.19, 1.52, 1.06, 0.74, 0.56, 0.43]",7,0.35,1,0,0,0,0,750,6500,50,250,110,55,12,18000,0.04,0,0,0,0,0,0,0,0,0,0,0,0
45,0.62,2.401819,1,1,3.8,1830,2.819,0,"[3.19, 2.19, 1.52, 1.06, 0.74, 0.56, 0.43]",7,0.35,1,0,0,0,0,750,6500,64,320,150,55,12,18000,0.04,0,0,0,0,0,0,0,0,0,0,0,0
46,0.62,2.401819,1,1,3.8,2105,2.819,3.8,"[3.19, 2.19, 1.52, 1.06, 0.74, 0.51, 0.39]",7,0.6,0,1,0,1,0,750,6500,74,370,185,0,0,0,0,264,80,10000,0.04,0,0,0,0,166,50,15000,0.04
47,0.62,2.375464,1,1,3.8,2225,2.82,0,"[3.19, 2.19, 1.52, 1.06, 0.74, 0.56, 0.43]",7,0.1,1,0,0,0,0,750,6500,76,380,185,350,12,18000,0.04,0,0,0,0,0,0,0,0,0,0,0,0
48,0.62,2.375464,1,1,3.8,2245,2.82,0,"[3.19, 2.19, 1.52, 1.06, 0.74, 0.56, 0.43]",7,0.1,1,0,0,0,0,750,6500,76,380,185,350,12,18000,0.04,0,0,0,0,0,0,0,0,0,0,0,0
49,0.62,2.425905,1,1,3.8,2225,2.82,0,"[3.19, 2.19, 1.52, 1.06, 0.74, 0.56, 0.43]",7,0.1,1,0,0,0,0,750,6500,76,380,185,350,12,18000,0.04,0,0,0,0,0,0,0,0,0,0,0,0
50,0.62,2.425905,1,1,3.8,2245,2.82,0,"[3.19, 2.19, 1.52, 1.06, 0.74, 0.56, 0.43]",7,0.1,1,0,0,0,0,750,6500,76,380,185,350,12,18000,0.04,0,0,0,0,0,0,0,0,0,0,0,0
51,0.62,2.425905,1,1,3.8,1985,2.82,0,"[3.19, 2.19, 1.52, 1.06, 0.74, 0.56, 0.43]",7,0.35,1,0,0,0,0,750,6500,68,340,150,55,18,18000,0.04,0,0,0,0,0,0,0,0,0,0,0,0
52,0.62,2.458946,1,1,3.8,2130,2.995,0,"[5.0, 3.2, 2.14, 1.72, 1.31, 1.0, 0.82, 0.64]",8,0.1,1,0,0,0,0,750,7000,100,500,250,55,12,18000,0.04,0,0,0,0,0,0,0,0,0,0,0,0
53,0.62,2.450251,1,1,3.8,2130,2.995,0,"[5.0, 3.2, 2.14, 1.72, 1.31, 1.0, 0.82, 0.64]",8,0.1,1,0,0,0,0,750,7000,100,500,250,55,12,18000,0.04,0,0,0,0,0,0,0,0,0,0,0,0
54,0.62,2.415471,1,1,3.8,2175,2.995,0,"[5.0, 3.2, 2.14, 1.72, 1.31, 1.0, 0.82, 0.64]",8,0.1,1,0,0,0,0,750,7000,100,500,250,55,12,18000,0.04,0,0,0,0,0,0,0,0,0,0,0,0
55,0.62,2.450251,1,1,3.8,2390,2.998,0,"[5.25, 3.36, 2.17, 1.72, 1.32, 1.0, 0.82, 0.64]",8,0.1,1,0,0,0,0,750,6500,160,800,441,55,12,18000,0.04,0,0,0,0,0,0,0,0,0,0,0,0
56,0.62,2.48589,1,1,3.8,2350,2.998,0,"[4.714, 3.143, 2.11, 1.67, 1.28, 1.0, 0.84, 0.67]",8,0.1,1,0,0,0,0,750,6500,170,850,471,55,3,18000,0.04,0,0,0,0,0,0,0,0,0,0,0,0
57,0.62,2.48589,1,1,3.8,1635,2.82,0,"[3.5, 2.09, 1.43, 0.93, 0.97, 0.78, 0.65]",7,0.35,1,0,0,0,0,750,6500,64,320,150,55,12,18000,0.04,0,0,0,0,0,0,0,0,0,0,0,0
58,0.62,2.48589,1,1,3.8,2175,2.929,0,"[5.0, 3.2, 2.14, 1.72, 1.31, 1.0, 0.82, 0.64]",8,0.1,1,0,0,0,0,750,6500,160,800,441,55,12,18000,0.04,0,0,0,0,0,0,0,0,0,0,0,0
59,0.62,2.51262,1,1,3.8,2150,2.93,0,"[4.71, 3.14, 2.11, 1.67, 1.28, 1.0, 0.84, 0.67]",8,0.1,1,0,0,0,0,750,6500,160,800,441,55,12,18000,0.04,0,0,0,0,0,0,0,0,0,0,0,0
60,0.62,2.48589,1,1,3.8,2140,2.93,0,"[4.71, 3.14, 2.11, 1.67, 1.28, 1.0, 0.84, 0.67]",8,0.1,1,0,0,0,0,750,6500,170,850,463,55,12,18000,0.04,0,0,0,0,0,0,0,0,0,0,0,0
61,0.62,2.51262,1,1,3.8,1845,2.82,0,"[3.5, 2.09, 1.43, 0.93, 0.97, 0.78, 0.65]",7,1.2,1,0,0,0,0,750,6500,46,230,280,55,12,18000,0.04,0,0,0,0,0,0,0,0,0,0,0,0
62,0.62,2.46807,1,1,3.8,2474,2.82,0,"[5.0, 3.2, 2.14, 1.72, 1.31, 1.0, 0.82, 0.64]",8,1.2,1,0,0,0,0,750,6500,80,400,280,50,10,18000,0.04,0,0,0,0,0,0,0,0,0,0,0,0
63,0.62,2.46807,1,1,3.8,2505,3.194,0,"[5.0, 3.2, 2.14, 1.72, 1.31, 1.0, 0.82, 0.64]",8,0.1,1,0,0,0,0,750,7000,90,450,250,400,100,18000,0.04,0,0,0,0,0,0,0,0,0,0,0,0
64,0.62,2.583774,1,1,3.8,2646,3.194,3.8,"[5.0, 3.2, 2.14, 1.72, 1.31, 1.0, 0.82, 0.64]",8,0.1,0,1,0,1,0,750,6500,90,450,250,0,0,0,0,450,140,10000,0.04,0,0,0,0,166,50,15000,0.04
65,0.62,2.583774,1,0,4,1465,2.67,0,"[15.3, 9.03, 5.74, 4.01, 3.11, 2.49, 2.02]",7,0.35,1,0,0,0,0,750,6500,46,230,90,55,15,18000,0.04,0,0,0,0,0,0,0,0,0,0,0,0
66,0.62,2.611029,1,0,4,1500,2.67,0,"[15.3, 9.03, 5.74, 4.01, 3.11, 2.49, 2.02]",7,0.35,1,0,0,0,0,750,6500,48,240,115,55,15,18000,0.04,0,0,0,0,0,0,0,0,0,0,0,0
67,0.62,2.611029,1,1,3.8,1605,2.67,0,"[3.5, 2.09, 1.43, 0.93, 0.97, 0.78, 0.65]",7,0.35,1,0,0,0,0,750,6500,64,320,150,55,15,18000,0.04,0,0,0,0,0,0,0,0,0,0,0,0
68,0.65,2.63465,1,0,4,1495,2.67,0,"[15.3, 9.03, 5.74, 4.01, 3.11, 2.49, 2.02]",7,0.35,1,0,0,0,0,750,6500,56,280,90,55,15,18000,0.04,0,0,0,0,0,0,0,0,0,0,0,0
69,0.65,2.63465,1,0,4,1525,2.67,0,"[15.3, 9.03, 5.74, 4.01, 3.11, 2.49, 2.02]",7,0.35,1,0,0,0,0,750,6500,48,240,115,55,15,18000,0.04,0,0,0,0,0,0,0,0,0,0,0,0
70,0.65,2.661905,1,0,4,1595,2.67,0,"[3.5, 2.09, 1.43, 0.93, 0.97, 0.78, 0.65]",7,0.35,1,0,0,0,0,750,6500,48,240,115,55,14,18000,0.04,0,0,0,0,0,0,0,0,0,0,0,0
71,0.62,2.591541,1,0,4,1620,2.67,0,"[3.5, 2.09, 1.43, 0.93, 0.97, 0.78, 0.65]",7,0.35,1,0,0,0,0,750,6500,64,320,150,55,14,18000,0.04,0,0,0,0,0,0,0,0,0,0,0,0
72,0.62,2.591541,1,1,3.8,1690,2.67,0,"[3.5, 2.09, 1.43, 0.93, 0.97, 0.78, 0.65]",7,0.35,1,0,0,0,0,750,6500,64,320,150,55,14,18000,0.04,0,0,0,0,0,0,0,0,0,0,0,0
73,0.62,2.591541,1,1,3.8,2025,2.851,3.8,"[4.71, 3.14, 2.11, 1.67, 1.28, 1.0, 0.84, 0.67]",8,0.35,0,1,0,1,0,750,6500,60,300,135,0,0,0,0,265,80,10000,0.04,0,0,0,0,166,50,15000,0.04
74,0.62,2.591541,0,0,4,1840,2.856,0,"[5.0, 3.2, 2.14, 1.72, 1.3, 1.0, 0.83, 0.64]",8,0.35,1,0,0,0,0,750,7000,100,500,275,55,8,18000,0.04,0,0,0,0,0,0,0,0,0,0,0,0
75,0.62,2.591541,1,1,3.8,1900,2.856,0,"[5.0, 3.2, 2.14, 1.72, 1.3, 1.0, 0.83, 0.64]",8,0.1,1,0,0,0,0,750,7000,100,500,275,25,8,18000,0.04,0,0,0,0,0,0,0,0,0,0,0,0
76,0.62,2.591541,0,0,4,1845,2.975,0,"[4.71, 3.14, 2.11, 1.67, 1.28, 1.0, 0.84, 0.67]",8,0.1,0,1,0,0,0,750,6500,58,290,135,0,0,0,0,265,83,10000,0.04,0,0,0,0,0,0,0,0
77,0.62,2.591541,1,1,3.8,1935,2.975,3.8,"[4.71, 3.14, 2.11, 1.67, 1.28, 1.0, 0.84, 0.67]",8,0.35,0,1,0,1,0,750,6500,58,290,135,0,0,0,0,265,83,10000,0.04,0,0,0,0,166,50,15000,0.04
78,0.62,2.591541,0,0,4,1700,2.975,0,"[5.25, 3.36, 2.17, 1.72, 1.32, 1.0, 0.82, 0.64]",8,0.35,1,0,0,0,0,750,6500,70,350,180,55,8,18000,0.04,0,0,0,0,0,0,0,0,0,0,0,0
79,0.62,2.97792,0,0,4,1975,2.975,0,"[4.71, 3.14, 2.11, 1.67, 1.28, 1.0, 0.84, 0.67]",8,0.35,0,1,0,0,0,750,6500,60,300,120,0,0,0,0,265,80,10000,0.04,0,0,0,0,0,0,0,0
80,0.62,2.97792,0,0,4,1975,2.975,0,"[4.71, 3.14, 2.11, 1.67, 1.28, 1.0, 0.84, 0.67]",8,0.1,0,1,0,0,0,750,6500,60,300,135,0,0,0,0,265,80,10000,0.04,0,0,0,0,0,0,0,0
81,0.62,2.63088,0,0,4,1805,2.975,0,"[5.25, 3.36, 2.17, 1.72, 1.32, 1.0, 0.82, 0.64]",8,0.35,1,0,0,0,0,750,6500,70,350,180,55,8,18000,0.04,0,0,0,0,0,0,0,0,0,0,0,0
82,0.62,2.627226,0,0,4,1800,2.995,0,"[5.25, 3.36, 2.17, 1.72, 1.32, 1.0, 0.82, 0.64]",8,0.35,1,0,0,0,0,750,6500,66,330,140,200,13,18000,0.04,0,0,0,0,0,0,0,0,0,0,0,0
83,0.62,2.63088,0,0,4,2080,2.995,0,"[5.25, 3.36, 2.17, 1.72, 1.32, 1.0, 0.82, 0.64]",8,0.35,1,0,0,0,0,750,6500,62,310,140,250,135,18000,0.04,0,0,0,0,0,0,0,0,0,0,0,0
84,0.62,2.505725,0,0,4,1850,2.995,0,"[5.25, 3.36, 2.17, 1.72, 1.32, 1.0, 0.82, 0.64]",8,0.35,1,0,0,0,0,750,6500,62,310,140,200,13,18000,0.04,0,0,0,0,0,0,0,0,0,0,0,0
85,0.62,2.505725,0,0,4,1980,3.07,0,"[5.0, 3.2, 2.14, 1.72, 1.3, 1.0, 0.83, 0.64]",8,0.35,0,1,0,0,0,750,6500,100,500,240,0,0,0,0,250,70,10000,0.04,0,0,0,0,0,0,0,0
86,0.62,2.505725,0,0,4,1975,3.07,0,"[4.71, 3.14, 2.11, 1.67, 1.28, 1.0, 0.84, 0.67]",8,0.35,0,1,0,0,0,750,6500,100,500,240,0,0,0,0,250,70,10000,0.04,0,0,0,0,0,0,0,0
87,0.62,2.505725,0,0,4,2015,3.21,0,"[5.25, 3.36, 2.17, 1.72, 1.32, 1.0, 0.82, 0.64]",8,0.35,0,1,0,0,0,750,6500,100,500,240,0,0,0,0,250,70,10000,0.04,0,0,0,0,0,0,0,0
88,0.62,2.5185,0,0,4,2015,3.21,0,"[4.71, 3.14, 2.11, 1.67, 1.28, 1.0, 0.84, 0.67]",8,0.1,0,1,0,0,0,750,6500,80,400,190,0,0,0,0,250,70,10000,0.04,0,0,0,0,0,0,0,0
89,0.62,2.664,1,1,3.8,2255,3.215,0,"[5.5, 3.52, 2.2, 1.72, 1.32, 1.0, 0.82, 0.64]",8,0.1,1,0,0,0,0,750,7000,130,650,210,200,13,18000,0.04,0,0,0,0,0,0,0,0,0,0,0,0
90,0.62,2.46715,1,1,3.8,2075,3.215,3.8,"[5.0, 3.2, 2.14, 1.72, 1.31, 1.0, 0.82, 0.64]",8,0.35,1,0,0,0,1,750,7000,80,400,200,55,12,18000,0.04,0,0,0,0,0,0,0,0,200,50,15000,0.04
91,0.62,2.46715,1,1,3.8,2510,3.006,0,"[5.0, 3.2, 2.14, 1.72, 1.3, 1.0, 0.83, 0.64]",8,0.1,1,0,0,0,0,750,6500,150,750,430,280,145,18000,0.04,0,0,0,0,0,0,0,0,0,0,0,0
92,0.62,2.758896,1,1,3.8,2550,3.006,0,"[5.0, 3.2, 2.14, 1.72, 1.3, 1.0, 0.83, 0.64]",8,0.1,1,0,0,0,0,750,6500,150,750,430,280,145,18000,0.04,0,0,0,0,0,0,0,0,0,0,0,0
93,0.72,3.67,1,0,4,1625,2.692,0,"[3.5, 2.09, 1.43, 0.93, 0.97, 0.78, 0.65]",7,0.35,1,0,0,0,0,750,6500,48,240,115,55,15,18000,0.04,0,0,0,0,0,0,0,0,0,0,0,0
94,0.68,3.17467,1,1,3.8,1730,2.692,0,"[3.5, 2.09, 1.43, 0.93, 0.97, 0.78, 0.65]",7,0.35,1,0,0,0,0,750,6500,64,320,150,55,15,18000,0.04,0,0,0,0,0,0,0,0,0,0,0,0
95,0.68,3.139535,1,1,3.8,1740,2.692,0,"[3.5, 2.09, 1.43, 0.93, 0.97, 0.78, 0.65]",7,0.1,1,0,0,0,0,750,6500,80,400,221,55,14,18000,0.04,0,0,0,0,0,0,0,0,0,0,0,0
96,0.68,3.139535,1,0,4,1645,2.692,0,"[3.5, 2.09, 1.43, 0.93, 0.97, 0.78, 0.65]",7,0.35,1,0,0,0,0,750,6500,48,240,115,55,15,18000,0.04,0,0,0,0,0,0,0,0,0,0,0,0
97,0.62,2.30166,1,0,4,1645,2.692,0,"[3.19, 2.19, 1.52, 1.06, 0.74, 0.56, 0.43]",7,0.6,1,0,0,0,0,750,6500,48,240,115,55,15,18000,0.04,0,0,0,0,0,0,0,0,0,0,0,0
98,0.62,2.327958,1,1,3.8,1885,2.864,0,"[5.25, 3.36, 2.17, 1.72, 1.32, 1.0, 0.82, 0.64]",8,0.6,1,0,0,0,0,750,6500,70,350,180,55,8,18000,0.04,0,0,0,0,0,0,0,0,0,0,0,0
99,0.62,2.375464,1,1,3.8,1930,2.865,0,"[5.25, 3.36, 2.17, 1.72, 1.32, 1.0, 0.82, 0.64]",8,0.6,1,0,0,0,0,750,6500,62,310,140,200,13,18000,0.04,0,0,0,0,0,0,0,0,0,0,0,0
100,0.62,2.450251,1,1,3.8,2140,2.865,3.8,"[5.5, 3.52, 2.2, 1.72, 1.3, 1.0, 0.83, 6.4]",8,0.35,0,1,0,1,0,750,6500,62,310,140,0,0,0,0,250,135,10000,0.04,0,0,0,0,166,50,15000,0.04
101,0.62,2.48589,1,1,3.8,2055,2.865,0,"[5.25, 3.36, 2.17, 1.72, 1.32, 1.0, 0.82, 0.64]",8,0.1,1,0,0,0,0,750,7000,108,540,280,200,13,18000,0.04,0,0,0,0,0,0,0,0,0,0,0,0
102,0.62,2.97792,1,1,3.8,1890,2.864,0,"[5.25, 3.36, 2.17, 1.72, 1.32, 1.0, 0.82, 0.64]",8,0.35,1,0,0,0,0,750,6500,70,350,180,25,8,18000,0.04,0,0,0,0,0,0,0,0,0,0,0,0
103,0.62,2.505725,1,1,3.8,2420,2.975,0,"[5.25, 3.36, 2.17, 1.72, 1.32, 1.0, 0.82, 0.64]",8,0.1,1,0,0,0,0,750,6500,150,750,390,200,9,18000,0.04,0,0,0,0,0,0,0,0,0,0,0,0
104,0.62,2.505725,1,1,3.8,2240,2.975,0,"[5.0, 3.2, 2.14, 1.72, 1.31, 1.0, 0.82, 0.64]",8,0.1,1,0,0,0,0,750,7000,108,540,280,200,9,18000,0.04,0,0,0,0,0,0,0,0,0,0,0,0
105,0.62,2.46715,1,1,3.8,2475,2.972,0,"[5.25, 3.36, 2.17, 1.72, 1.32, 1.0, 0.82, 0.64]",8,0.1,1,0,0,0,0,750,6500,150,750,460,200,9,18000,0.04,0,0,0,0,0,0,0,0,0,0,0,0
106,0.72,3.67,1,1,3.8,2390,2.975,0,"[5.25, 3.36, 2.17, 1.72, 1.32, 1.0, 0.82, 0.64]",8,0.1,1,0,0,0,0,750,6500,150,750,390,200,9,18000,0.04,0,0,0,0,0,0,0,0,0,0,0,0
107,0.68,3.17467,1,1,3.8,2170,2.975,0,"[5.5, 3.52, 2.2, 1.72, 1.32, 1.0, 0.82, 0.64]",8,0.1,1,0,0,0,0,750,7000,90,450,245,55,8,18000,0.04,0,0,0,0,0,0,0,0,0,0,0,0
108,0.68,3.112105,1,1,3.8,2445,2.972,0,"[5.0, 3.2, 2.14, 1.72, 1.31, 1.0, 0.82, 0.64]",8,0.1,1,0,0,0,0,750,6500,150,750,460,200,9,18000,0.04,0,0,0,0,0,0,0,0,0,0,0,0
109,0.62,2.47975,1,1,3.8,2675,3.105,0,"[5.5, 3.52, 2.2, 1.72, 1.32, 1.0, 0.82, 0.64]",8,0.1,1,0,0,0,0,750,6500,150,750,390,200,9,18000,0.04,0,0,0,0,0,0,0,0,0,0,0,0
110,0.62,2.47975,1,1,3.8,2785,3.105,0,"[5.0, 3.2, 2.14, 1.72, 1.3, 1.0, 0.83, 0.64]",8,0.1,0,1,0,0,0,750,6500,130,650,360,0,0,0,0,280,145,10000,0.04,0,0,0,0,0,0,0,0
111,0.62,2.437392,1,1,3.8,2695,3.105,0,"[5.0, 3.2, 2.14, 1.72, 1.3, 1.0, 0.83, 0.64]",8,0.1,0,1,0,0,0,750,7000,90,450,230,0,0,0,0,280,145,10000,0.04,0,0,0,0,0,0,0,0
112,0.62,2.547,1,0,4,1585,2.62,0,"[5.0, 3.2, 2.14, 1.72, 1.3, 1.0, 0.83, 0.64]",8,0.6,0,1,0,0,0,750,6500,24.4,122,72,0,0,0,0,300,145,10000,0.04,0,0,0,0,0,0,0,0
113,0.62,2.547,1,0,4,1710,2.79,0,"[5.0, 3.2, 2.14, 1.72, 1.3, 1.0, 0.83, 0.64]",8,0.6,0,1,0,0,0,750,6500,24.4,122,72,0,0,0,0,300,145,10000,0.04,0,0,0,0,0,0,0,0
114,0.62,2.547,1,0,4,1940,2.765,0,"[5.0, 3.2, 2.14, 1.72, 1.3, 1.0, 0.83, 0.64]",8,0.6,0,1,0,0,0,750,6500,24.4,122,72,0,0,0,0,300,145,10000,0.04,0,0,0,0,0,0,0,0
115,0.62,2.547,1,1,3.8,1907,2.722,0,"[2.9, 1.76, 1.22, 0.88, 0.65, 0.51, 0.4, 0.33]",8,0.1,1,0,0,0,0,750,6500,122.6,613,354,165,12,18000,0.04,0,0,0,0,0,0,0,0,0,0,0,0
116,0.62,2.547,1,0,4,1327,2.54,0,"[3.62, 2.19, 1.52, 1.06, 0.84, 0.69]",6,0.35,1,0,0,0,0,750,6500,41,205,74,55,16,18000,0.04,0,0,0,0,0,0,0,0,0,0,0,0
117,0.62,2.565,1,0,4,1464,2.67,0,"[3.5, 2.09, 1.43, 0.93, 0.78, 0.65]",6,0.6,1,0,0,0,0,750,6500,41,205,74,55,16,18000,0.04,0,0,0,0,0,0,0,0,0,0,0,0
118,0.62,2.565,1,0,4,1423,2.67,0,"[3.5, 2.09, 1.43, 0.93, 0.78, 0.65]",6,0.6,1,0,0,0,0,750,6500,46,230,100,55,16,18000,0.04,0,0,0,0,0,0,0,0,0,0,0,0
119,0.62,2.556,1,0,4,1403,2.67,0,"[3.5, 2.09, 1.43, 0.93, 0.78, 0.65]",6,0.6,1,0,0,0,0,750,6500,41,205,74,51,16,18000,0.04,0,0,0,0,0,0,0,0,0,0,0,0
120,0.65,2.709928,1,0,4,1403,2.67,0,"[3.5, 2.09, 1.43, 0.93, 0.78, 0.65]",6,0.35,1,0,0,0,0,750,6500,41,205,74,51,16,18000,0.04,0,0,0,0,0,0,0,0,0,0,0,0
121,0.65,2.709928,1,0,4,1403,2.67,0,"[3.5, 2.09, 1.43, 0.93, 0.78, 0.65]",6,0.35,1,0,0,0,0,750,6500,46,230,100,51,16,18000,0.04,0,0,0,0,0,0,0,0,0,0,0,0
122,0.65,2.709928,1,0,4,1606,2.73,0,"[3.5, 2.09, 1.43, 0.93, 0.78, 0.65]",6,0.35,1,0,0,0,0,750,6500,46,230,96,51,16,18000,0.04,0,0,0,0,0,0,0,0,0,0,0,0
123,0.65,2.752386,1,0,4,1845,2.73,0,"[4.71, 3.14, 2.11, 1.67, 1.28, 1.0, 0.84, 0.67]",8,0.35,0,1,0,0,0,750,6500,60,300,110,0,0,0,0,320,81,10000,0.04,0,0,0,0,0,0,0,0
124,0.65,2.73234,1,0,4,1629,2.79,0,"[3.5, 2.09, 1.43, 0.93, 0.78, 0.65]",6,1.2,1,0,0,0,0,750,6500,46,230,100,51,16,18000,0.04,0,0,0,0,0,0,0,0,0,0,0,0
125,0.65,2.70258,1,0,4,1591,2.785,0,"[3.5, 2.09, 1.43, 0.93, 0.78, 0.65]",6,1.2,1,0,0,0,0,750,6500,46,230,100,55,16,18000,0.04,0,0,0,0,0,0,0,0,0,0,0,0
126,0.65,2.738488,1,0,4,1482,2.679,0,"[3.5, 2.09, 1.43, 0.93, 0.97, 0.78, 0.65]",7,0.35,0,1,0,0,0,750,6500,50,250,110,0,0,0,0,50,9,10000,0.04,0,0,0,0,0,0,0,0
127,0.65,2.738488,1,0,4,1482,2.679,0,"[3.5, 2.09, 1.43, 0.93, 0.97, 0.78, 0.65]",7,0.35,1,0,0,0,0,750,6500,50,250,110,50,9,18000,0.04,0,0,0,0,0,0,0,0,0,0,0,0
128,0.65,2.738488,1,0,4,1671,2.682,0,"[3.5, 2.09, 1.43, 0.93, 0.78, 0.65]",6,0.1,0,1,0,0,0,750,6500,50,250,110,0,0,0,0,330,85,10000,0.04,0,0,0,0,0,0,0,0
129,0.62,2.543205,1,0,4,1395,2.683,0,"[3.5, 2.09, 1.43, 0.93, 0.97, 0.78, 0.65]",7,0.35,1,0,0,0,0,750,6500,50,250,110,50,9,18000,0.04,0,0,0,0,0,0,0,0,0,0,0,0
130,0.62,2.543205,1,0,4,1707,2.681,0,"[3.45, 2.09, 1.43, 1.0, 0.78, 0.65]",6,0.35,0,1,0,0,0,750,6500,50,250,110,0,0,0,0,330,85,10000,0.04,0,0,0,0,0,0,0,0
131,0.62,2.543205,1,0,4,1441,2.683,0,"[3.19, 2.19, 1.52, 1.06, 0.74, 0.56, 0.43]",7,0.35,1,0,0,0,0,750,6500,50,250,110,50,9,18000,0.04,0,0,0,0,0,0,0,0,0,0,0,0
132,0.62,2.543205,1,0,4,1439,2.686,0,"[3.19, 2.19, 1.52, 1.06, 0.74, 0.56, 0.43]",7,0.35,1,0,0,0,0,750,6500,50,250,110,50,9,18000,0.04,0,0,0,0,0,0,0,0,0,0,0,0
133,0.62,2.602356,1,0,4,1638,2.681,0,"[3.5, 2.09, 1.43, 0.93, 0.97, 0.78, 0.65]",7,0.35,1,0,0,0,0,750,6500,50,250,110,50,9,18000,0.04,0,0,0,0,0,0,0,0,0,0,0,0
134,0.62,2.602356,1,0,4,1494,2.702,0,"[3.5, 2.09, 1.43, 0.93, 0.78, 0.65]",6,0.35,1,0,0,0,0,750,6500,34.4,172,80,55,36,18000,0.04,0,0,0,0,0,0,0,0,0,0,0,0
135,0.62,2.647812,1,1,3.8,1611,2.704,0,"[3.5, 2.09, 1.43, 0.93, 0.78, 0.65]",6,1.2,1,0,0,0,0,750,6500,46,230,103,87,10,18000,0.04,0,0,0,0,0,0,0,0,0,0,0,0
136,0.62,2.647812,1,1,3.8,1503,2.704,0,"[3.5, 2.09, 1.43, 0.93, 0.78, 0.65]",6,1.2,1,0,0,0,0,750,6500,46,230,96,55,12,18000,0.04,0,0,0,0,0,0,0,0,0,0,0,0
137,0.62,2.603295,1,0,4,1425,2.702,0,"[3.5, 2.09, 1.43, 0.93, 0.78, 0.65]",6,0.6,1,0,0,0,0,750,6500,46,230,103,55,12,18000,0.04,0,0,0,0,0,0,0,0,0,0,0,0
138,0.62,2.603295,1,0,4,1379,2.657,0,"[3.62, 2.19, 1.52, 1.06, 0.84, 0.69]",6,0.6,1,0,0,0,0,750,6500,46,230,96,55,12,18000,0.04,0,0,0,0,0,0,0,0,0,0,0,0
139,0.62,2.566395,1,1,3.8,1465,2.658,0,"[3.5, 2.09, 1.43, 0.93, 0.78, 0.65]",6,1.2,1,0,0,0,0,750,6500,46,230,96,55,12,18000,0.04,0,0,0,0,0,0,0,0,0,0,0,0
140,0.62,2.566395,1,0,4,1379,2.657,0,"[3.62, 2.19, 1.52, 1.06, 0.84, 0.69]",6,1.2,1,0,0,0,0,750,6500,46,230,96,55,12,18000,0.04,0,0,0,0,0,0,0,0,0,0,0,0
141,0.62,2.63473,1,1,3.8,1465,2.658,0,"[3.5, 2.09, 1.43, 0.93, 0.78, 0.65]",6,1.2,1,0,0,0,0,750,6500,46,230,96,55,12,18000,0.04,0,0,0,0,0,0,0,0,0,0,0,0
142,0.62,2.63473,1,0,4,1455,2.657,0,"[2.47, 0.97, 2.21, 1.27, 0.77, 0.58]",6,0.35,1,0,0,0,0,750,6500,29.6,148,69,55,36,18000,0.04,0,0,0,0,0,0,0,0,0,0,0,0
143,0.62,2.63473,1,0,4,1432,2.898,0,"[3.5, 2.09, 1.43, 0.93, 0.78, 0.65]",6,0.35,0,1,0,0,0,750,6500,29.6,148,69,0,0,0,0,205,35,10000,0.04,0,0,0,0,0,0,0,0
144,0.62,2.63473,1,0,4,1950,2.9,0,"[3.5, 2.09, 1.43, 0.93, 0.97, 0.78, 0.65]",7,1.2,0,1,0,0,0,750,6500,46,230,118,0,0,0,0,310,150,10000,0.04,0,0,0,0,0,0,0,0
145,0.62,2.63473,1,0,4,2195,3.018,0,"[3.5, 2.09, 1.43, 0.93, 0.97, 0.78, 0.65]",7,0.35,1,0,0,0,0,750,6500,60,300,118,55,12,18000,0.04,0,0,0,0,0,0,0,0,0,0,0,0
146,0.65,2.809254,1,0,4,2240,2.82,0,"[3.5, 2.09, 1.43, 0.93, 0.97, 0.78, 0.65]",7,1.2,1,0,0,0,0,750,6500,80,400,280,55,12,18000,0.04,0,0,0,0,0,0,0,0,0,0,0,0
147,0.65,2.809254,1,0,4,1249,2.558,0,"[3.62, 2.19, 1.52, 1.06, 0.84, 0.69]",6,0.1,1,0,0,0,0,750,6500,10.2,51,96,55,12,18000,0.04,0,0,0,0,0,0,0,0,0,0,0,0
148,0.65,2.811156,1,1,3.8,1900,2.738,3.8,"[4.71, 3.14, 2.11, 1.67, 1.28, 1.0, 0.84, 0.67]",8,0.35,0,1,0,0,1,750,6500,60,300,147,0,0,0,0,320,80,10000,0.04,0,0,0,0,166,50,15000,0.04
149,0.65,2.811156,1,0,4,1760,2.738,0,"[4.71, 3.14, 2.11, 1.67, 1.28, 1.0, 0.84, 0.67]",8,0.35,0,1,0,0,0,750,6500,60,300,133,0,0,0,0,320,81,10000,0.04,0,0,0,0,0,0,0,0
150,0.65,2.811156,1,0,4,1463,2.675,0,"[3.5, 2.09, 1.43, 0.93, 0.78, 0.65]",6,0.35,0,1,0,0,0,750,6500,46,230,100,0,0,0,0,320,21,10000,0.04,0,0,0,0,0,0,0,0
151,0.65,2.811156,0,0,4,1470,2.6,0,"[4.71, 3.14, 2.11, 1.67, 1.28, 1.0, 0.84, 0.67]",8,0.1,0,1,0,0,0,750,7000,148,740,488,0,0,0,0,315,122,10000,0.04,0,0,0,0,0,0,0,0
152,0.65,2.835882,0,0,4,1540,2.6,0,"[4.71, 3.14, 2.11, 1.67, 1.28, 1.0, 0.84, 0.67]",8,0.1,0,1,0,0,0,750,7000,148,740,488,0,0,0,0,315,122,10000,0.04,0,0,0,0,0,0,0,0
153,0.65,2.835882,1,0,4,1525,2.65,0,"[3.19, 2.19, 1.52, 1.06, 0.74, 0.56, 0.43]",7,0.1,1,0,0,0,0,750,6500,160.8,804,586,55,12,18000,0.04,0,0,0,0,0,0,0,0,0,0,0,0
154,0.61,2.13278,1,1,3.8,1525,2.665,3.8,"[4.71, 3.14, 2.11, 1.67, 1.28, 1.0, 0.84, 0.67]",8,0.1,0,0,0,0,1,750,7000,170,850,662,0,0,0,0,0,0,0,0,0,0,0,0,45,50,15000,0.04
155,0.61,2.306395,1,1,3.8,1835,2.65,3.8,"[4.71, 3.14, 2.11, 1.67, 1.28, 1.0, 0.84, 0.67]",8,0.1,0,0,0,0,1,750,6500,160.8,804,586,0,0,0,0,0,0,0,0,0,0,0,0,166,50,15000,0.04
156,0.62,2.41011,1,1,3.8,1670,2.65,3.8,"[4.71, 3.14, 2.11, 1.67, 1.28, 1.0, 0.84, 0.67]",8,0.1,0,0,0,0,1,750,6500,160,800,574,0,0,0,0,0,0,0,0,0,0,0,0,166,50,15000,0.04
157,0.61,2.251096,1,0,4,1055,2.3,0,"[3.62, 2.19, 1.52, 1.06, 0.84, 0.69]",6,1.2,1,0,0,0,0,750,6500,18.4,92,51,50,4,18000,0.04,0,0,0,0,0,0,0,0,0,0,0,0
158,0.61,2.5542,1,0,4,1055,2.3,0,"[3.62, 2.19, 1.52, 1.06, 0.84, 0.69]",6,1.2,1,0,0,0,0,750,6500,18.4,92,51,50,4,18000,0.04,0,0,0,0,0,0,0,0,0,0,0,0
159,0.61,2.5542,1,0,4,1055,2.3,0,"[3.62, 2.19, 1.52, 1.06, 0.84, 0.69]",6,1.2,1,0,0,0,0,750,6500,18.4,92,51,50,4,18000,0.04,0,0,0,0,0,0,0,0,0,0,0,0
160,0.61,2.52525,1,0,4,1150,2.322,0,"[3.62, 2.19, 1.52, 1.06, 0.84, 0.69]",6,1.2,1,0,0,0,0,750,6500,18.4,92,48,55,12,18000,0.04,0,0,0,0,0,0,0,0,0,0,0,0
161,0.61,2.5155,1,0,4,1055,2.3,0,"[3.62, 2.19, 1.52, 1.06, 0.84, 0.69]",6,1.2,1,0,0,0,0,750,6500,18.4,92,51,50,4,18000,0.04,0,0,0,0,0,0,0,0,0,0,0,0
162,0.61,2.5155,1,0,4,1130,2.322,0,"[3.62, 2.19, 1.52, 1.06, 0.84, 0.69]",6,1.2,1,0,0,0,0,750,6500,18.4,92,48,55,12,18000,0.04,0,0,0,0,0,0,0,0,0,0,0,0
163,0.68,3.35664,1,0,4,1280,2.557,0,"[3.62, 2.19, 1.52, 1.06, 0.84, 0.69]",6,1.2,1,0,0,0,0,750,6500,41,205,74,55,21,18000,0.04,0,0,0,0,0,0,0,0,0,0,0,0
164,0.62,2.55759,1,0,4,1280,2.557,0,"[3.62, 2.19, 1.52, 1.06, 0.84, 0.69]",6,1.2,1,0,0,0,0,750,6500,41,205,74,55,21,18000,0.04,0,0,0,0,0,0,0,0,0,0,0,0
165,0.62,2.55759,1,0,4,1315,2.54,0,"[3.62, 2.19, 1.52, 1.06, 0.84, 0.69]",6,1.2,1,0,0,0,0,750,6500,41,205,74,55,21,18000,0.04,0,0,0,0,0,0,0,0,0,0,0,0
166,0.61,2.474128,1,0,4,1055,2.3,0,"[3.62, 2.19, 1.52, 1.06, 0.84, 0.69]",6,1.2,1,0,0,0,0,750,6500,18.4,92,51,50,4,18000,0.04,0,0,0,0,0,0,0,0,0,0,0,0
167,0.61,2.474128,1,0,4,1055,2.3,0,"[3.62, 2.19, 1.52, 1.06, 0.84, 0.69]",6,1.2,1,0,0,0,0,750,6500,18.4,92,51,50,4,18000,0.04,0,0,0,0,0,0,0,0,0,0,0,0
168,0.61,2.5641,1,0,4,1405,2.638,0,"[3.5, 2.09, 1.43, 0.93, 0.97, 0.78, 0.65]",7,0.35,1,0,0,0,0,750,6500,48,240,96,55,12,18000,0.04,0,0,0,0,0,0,0,0,0,0,0,0
169,0.62,2.58685,1,0,4,1435,2.638,0,"[3.5, 2.09, 1.43, 0.93, 0.97, 0.78, 0.65]",7,0.35,1,0,0,0,0,750,6500,48,240,96,55,12,18000,0.04,0,0,0,0,0,0,0,0,0,0,0,0
170,0.62,2.6496,0,0,4,2505,3.16,0,[9.0],1,0.35,1,0,0,0,0,750,6500,70.6,353,156,55,12,18000,0.04,0,0,0,0,0,0,0,0,0,0,0,0
171,0.61,2.340575,1,0,4,1280,2.588,0,"[3.62, 2.19, 1.52, 1.06, 0.84, 0.69]",6,1.2,1,0,0,0,0,750,6500,34,170,70,55,12,18000,0.04,0,0,0,0,0,0,0,0,0,0,0,0
172,0.61,2.33125,1,0,4,1280,2.588,0,"[3.42, 1.96, 1.28, 0.94, 0.76, 0.63]",6,0.35,1,0,0,0,0,750,6500,42,210,92,55,12,18000,0.04,0,0,0,0,0,0,0,0,0,0,0,0
173,0.61,2.33125,1,1,3.8,2560,3.27,0,"[4.7, 2.99, 2.15, 1.8, 1.52, 1.28, 1.0, 0.85, 0.69, 0.64]",10,0.35,1,0,0,0,0,750,6500,82.4,412,138,55,12,18000,0.04,0,0,0,0,0,0,0,0,0,0,0,0
174,0.61,2.33125,1,1,3.8,2436,3.27,0,"[4.7, 2.99, 2.15, 1.8, 1.52, 1.28, 1.0, 0.85, 0.69, 0.64]",10,0.1,1,0,0,0,0,750,6500,42,210,92,55,12,18000,0.04,0,0,0,0,0,0,0,0,0,0,0,0
175,0.61,2.525068,1,0,4,1871,2.85,0,"[3.42, 1.96, 1.28, 0.94, 0.76, 0.63]",6,0.35,0,1,0,0,0,750,6500,42,210,92,0,0,0,0,264,30,10000,0.04,0,0,0,0,0,0,0,0
176,0.61,2.474108,1,0,4,1845,2.85,0,"[3.42, 1.96, 1.28, 0.94, 0.76, 0.63]",6,0.35,0,1,0,0,0,750,6500,42,210,92,0,0,0,0,264,30,10000,0.04,0,0,0,0,0,0,0,0
177,0.61,2.4843,1,1,3.8,2390,3.355,0,"[5.0, 3.2, 2.14, 1.72, 1.31, 1.0, 0.82, 0.64]",8,1.2,1,0,0,0,0,750,6500,80,400,118,48,10,18000,0.04,0,0,0,0,0,0,0,0,0,0,0,0
178,0.65,2.52,1,1,3.8,2390,3.355,0,"[5.0, 3.2, 2.14, 1.72, 1.31, 1.0, 0.82, 0.64]",8,0.6,1,0,0,0,0,750,6500,80,400,118,48,10,18000,0.04,0,0,0,0,0,0,0,0,0,0,0,0
179,0.61,2.48126,1,1,3.8,2260,3.18,0,"[4.36, 2.47, 1.81, 1.18, 1.0, 0.83, 0.65, 0.56]",8,0.1,1,0,0,0,0,750,7000,109.8,549,305,55,12,18000,0.04,0,0,0,0,0,0,0,0,0,0,0,0
180,0.61,2.48126,1,1,3.8,2470,3.37,0,"[4.36, 2.47, 1.81, 1.18, 1.0, 0.83, 0.65, 0.56]",8,0.1,1,0,0,0,0,750,7000,109.8,549,305,55,12,18000,0.04,0,0,0,0,0,0,0,0,0,0,0,0
181,0.61,2.48126,1,0,4,1765,2.738,0,"[3.5, 2.09, 1.43, 0.93, 0.97, 0.78, 0.65]",7,0.35,0,1,0,0,0,750,6500,46,230,150,0,0,0,0,300,130,10000,0.04,0,0,0,0,0,0,0,0
182,0.61,2.48126,1,0,4,2175,2.745,0,"[4.71, 2.84, 1.91, 1.38, 1.0, 0.81, 0.7, 0.58, 0.48]",9,0.35,1,0,0,0,0,750,6500,64,320,150,325,120,18000,0.04,0,0,0,0,0,0,0,0,0,0,0,0
183,0.61,2.30776,1,1,3.8,2295,2.745,3.8,"[4.71, 2.84, 1.91, 1.38, 1.0, 0.81, 0.7, 0.58, 0.48]",9,0.6,0,1,0,0,1,750,6500,64,320,150,0,0,0,0,325,60,10000,0.04,0,0,0,0,232,47,15000,0.04
184,0.61,2.30776,1,1,3.8,2335,2.91,3.8,"[4.71, 2.84, 1.91, 1.38, 1.0, 0.81, 0.7, 0.58, 0.48]",9,0.1,0,1,0,1,0,750,6500,64,320,150,0,0,0,0,264,80,10000,0.04,0,0,0,0,232,50,15000,0.04
185,0.61,2.30776,1,0,4,1145,2.58,0,"[3.62, 2.19, 1.52, 1.06, 0.84, 0.69]",6,1.2,1,0,0,0,0,750,6500,34.4,172,66,55,12,18000,0.04,0,0,0,0,0,0,0,0,0,0,0,0
186,0.61,2.27469,1,0,4,1140,2.58,0,"[3.62, 1.96, 1.29, 0.97, 0.79, 0.67]",6,0.6,1,0,0,0,0,750,6500,34.4,172,74,55,12,18000,0.04,0,0,0,0,0,0,0,0,0,0,0,0
187,0.61,2.30776,1,0,4,1291,2.65,0,"[3.62, 1.96, 1.29, 0.97, 0.77, 0.64]",6,1.2,1,0,0,0,0,750,6500,34.4,172,88,55,12,18000,0.04,0,0,0,0,0,0,0,0,0,0,0,0
188,0.61,2.27469,1,0,4,1346,2.65,0,"[3.62, 1.96, 1.29, 0.97, 0.77, 0.64]",6,1.2,1,0,0,0,0,750,6500,34.4,172,88,55,12,18000,0.04,0,0,0,0,0,0,0,0,0,0,0,0
189,0.61,2.383125,1,0,4,1340,2.6,0,"[3.62, 2.19, 1.52, 1.06, 0.84, 0.69]",6,1.2,1,0,0,0,0,750,6500,34.4,172,88,55,12,18000,0.04,0,0,0,0,0,0,0,0,0,0,0,0
190,0.61,2.364375,1,0,4,1451,2.6,0,"[3.5, 2.09, 1.43, 0.93, 0.78, 0.65]",6,1.2,0,1,0,0,0,750,6500,29.4,147,77,0,0,0,0,170,32,10000,0.04,0,0,0,0,0,0,0,0
191,0.61,2.4384,1,0,4,1485,2.66,0,"[3.5, 2.09, 1.43, 0.93, 0.78, 0.65]",6,1.2,1,0,0,0,0,750,6500,26.8,134,69,170,32,18000,0.04,0,0,0,0,0,0,0,0,0,0,0,0
192,0.61,2.4384,1,0,4,1889,2.79,0,"[3.5, 2.09, 1.43, 0.93, 0.78, 0.65]",6,0.6,1,0,0,0,0,750,6500,79,395,88,395,120,18000,0.04,0,0,0,0,0,0,0,0,0,0,0,0
193,0.61,2.53145,1,0,4,1955,2.79,0,"[3.5, 2.09, 1.43, 0.93, 0.78, 0.65]",6,0.35,0,1,0,0,0,750,6500,43.7,218.5,88,0,0,0,0,350,150,10000,0.04,0,0,0,0,0,0,0,0
194,0.61,2.53145,1,0,4,1809,2.765,0,"[3.5, 2.09, 1.43, 0.93, 0.78, 0.65]",6,0.35,0,1,0,0,0,750,6500,53,265,132,0,0,0,0,264,44,10000,0.04,0,0,0,0,0,0,0,0
195,0.62,2.60415,1,1,3.8,1871,2.765,0,"[3.5, 2.09, 1.43, 0.93, 0.78, 0.65]",6,0.35,0,1,0,0,0,750,6500,53,265,132,0,0,0,0,264,44,10000,0.04,0,0,0,0,0,0,0,0
196,0.62,2.60415,1,1,3.8,2040,2.765,0,"[4.64, 2.83, 1.84, 1.39, 1.0, 0.77]",6,0.35,0,1,0,0,0,750,6500,53,265,132,0,0,0,0,304,67,10000,0.04,0,0,0,0,0,0,0,0
197,0.61,2.4384,1,0,4,1920,2.815,0,"[3.5, 2.09, 1.43, 0.93, 0.78, 0.65]",6,0.35,0,1,0,0,0,750,6500,53,265,118,0,0,0,0,264,48,10000,0.04,0,0,0,0,0,0,0,0
198,0.61,2.4384,1,0,4,1975,2.815,0,"[3.5, 2.09, 1.43, 0.93, 0.78, 0.65]",6,0.35,0,1,0,0,0,750,6500,53,265,132,0,0,0,0,250,48,10000,0.04,0,0,0,0,0,0,0,0
199,0.62,2.46384,1,1,3.8,1985,2.815,0,"[3.5, 2.09, 1.43, 0.93, 0.78, 0.65]",6,0.6,0,1,0,0,0,750,6500,53,265,132,0,0,0,0,264,48,10000,0.04,0,0,0,0,0,0,0,0
200,0.62,2.46384,1,0,4,2275,3.273,0,"[3.5, 2.09, 1.43, 0.93, 0.78, 0.65]",6,0.6,1,0,0,0,0,750,6500,53,265,118,55,54,18000,0.04,0,0,0,0,0,0,0,0,0,0,0,0
201,0.65,2.604148,1,0,4,1650,2.68,0,"[3.5, 2.09, 1.43, 0.93, 0.78, 0.65]",6,0.6,0,1,0,0,0,750,6500,53,265,118,0,0,0,0,264,48,10000,0.04,0,0,0,0,0,0,0,0
202,0.62,2.475845,1,0,4,1445,2.7,0,"[3.87, 2.22, 1.37, 0.93, 0.96, 0.77]",6,0.6,0,1,0,0,0,750,6500,29.4,147,77,0,0,0,0,170,32,10000,0.04,0,0,0,0,0,0,0,0
203,0.62,2.475845,0,0,4,1830,2.9,0,"[4.78, 3.1, 1.98, 1.37, 1.0, 0.87, 0.78]",7,0.6,1,0,0,0,0,750,7000,70,350,268,55,12,18000,0.04,0,0,0,0,0,0,0,0,0,0,0,0
204,0.62,2.475845,0,0,4,1826,2.9,0,"[4.78, 3.1, 1.98, 1.37, 1.0, 0.87, 0.78]",7,0.6,1,0,0,0,0,750,7000,72,360,235,55,12,18000,0.04,0,0,0,0,0,0,0,0,0,0,0,0
205,0.62,2.475845,1,0,4,1783,2.681,0,"[5.07, 2.97, 1.95, 1.47, 1.23, 1.0, 0.81, 0.67]",8,0.6,1,0,0,0,0,750,6500,52,260,118,55,10,18000,0.04,0,0,0,0,0,0,0,0,0,0,0,0
206,0.62,2.51336,1,1,3.8,2028,2.874,0,"[5.5, 3.52, 2.2, 1.72, 1.32, 1.0, 0.82, 0.64]",8,0.1,1,0,0,0,0,750,7000,110,550,294,55,10,18000,0.04,0,0,0,0,0,0,0,0,0,0,0,0
207,0.62,2.51336,1,0,4,1180,2.557,0,"[3.62, 2.19, 1.52, 1.06, 0.84, 0.69]",6,1.2,1,0,0,0,0,750,6500,41,205,74,55,21,18000,0.04,0,0,0,0,0,0,0,0,0,0,0,0
208,0.62,2.51336,1,1,3.8,1475,2.563,0,"[3.5, 2.09, 1.43, 0.93, 0.78, 0.65]",6,0.6,1,0,0,0,0,750,6500,46,230,100,55,21,18000,0.04,0,0,0,0,0,0,0,0,0,0,0,0
209,0.62,2.508065,1,0,4,1575,2.636,0,"[3.5, 2.09, 1.43, 0.93, 0.97, 0.78, 0.65]",7,0.6,1,0,0,0,0,750,6500,48,240,96,55,12,18000,0.04,0,0,0,0,0,0,0,0,0,0,0,0
210,0.62,2.508065,1,0,4,1667,2.795,0,"[3.5, 2.09, 1.43, 0.93, 0.78, 0.65]",6,0.6,1,0,0,0,0,750,6500,46,230,100,50,21,18000,0.04,0,0,0,0,0,0,0,0,0,0,0,0
211,0.62,2.508065,1,1,3.8,2434,2.964,3.8,"[5.0, 3.2, 2.14, 1.72, 1.31, 1.0, 0.82, 0.64]",8,0.1,0,1,0,1,0,750,6500,80,400,200,0,0,0,0,264,80,10000,0.04,0,0,0,0,53,50,15000,0.04
212,0.62,2.526337,1,1,3.8,1845,2.57,3.8,"[3.5, 2.09, 1.43, 0.93, 0.78, 0.65]",6,0.6,0,0,0,1,0,750,6500,54,270,96,0,0,0,0,0,0,0,0,0,0,0,0,166,50,15000,0.04
213,0.62,2.526337,1,0,4,1495,2.57,4,"[3.5, 2.09, 1.43, 0.93, 0.97, 0.78, 0.65]",7,1.2,0,0,0,1,0,750,6500,48,240,96,0,0,0,0,0,0,0,0,0,0,0,0,166,50,15000,0.04
214,0.62,2.526337,1,0,4,1420,2.57,4,"[3.5, 2.09, 1.43, 0.93, 0.97, 0.78, 0.65]",7,1.2,0,0,0,1,0,750,6500,48,240,96,0,0,0,0,0,0,0,0,0,0,0,0,166,50,15000,0.04
215,0.62,2.543136,1,0,4,1854,2.815,0,"[4.64, 2.83, 1.84, 1.39, 1.0, 0.77]",6,0.6,0,1,0,0,0,750,6500,53,265,118,0,0,0,0,264,44,10000,0.04,0,0,0,0,0,0,0,0
216,0.62,2.543136,1,0,4,1855,2.815,0,"[5.23, 3.09, 1.94, 1.4, 1.0, 0.78]",6,0.6,0,1,0,0,0,750,6500,53,265,132,0,0,0,0,250,48,10000,0.04,0,0,0,0,0,0,0,0
217,0.62,2.543136,1,1,3.8,1919,2.815,0,"[4.64, 2.83, 1.84, 1.39, 1.0, 0.77]",6,0.6,0,1,0,0,0,750,6500,53,265,118,0,0,0,0,264,44,10000,0.04,0,0,0,0,0,0,0,0
218,0.62,2.530448,1,0,4,1580,2.68,0,"[3.19, 2.19, 1.52, 1.06, 0.74, 0.56, 0.43]",7,0.6,1,0,0,0,0,750,6500,53,265,118,55,12,18000,0.04,0,0,0,0,0,0,0,0,0,0,0,0
219,0.62,2.530448,1,1,3.8,1648,2.68,0,"[3.19, 2.19, 1.52, 1.06, 0.74, 0.56, 0.43]",7,0.6,1,0,0,0,0,750,6500,53,265,118,55,12,18000,0.04,0,0,0,0,0,0,0,0,0,0,0,0
220,0.62,2.525117,1,0,4,1225,2.58,0,"[3.62, 1.96, 1.29, 0.97, 0.79, 0.67]",6,1.2,1,0,0,0,0,750,6500,40,200,88,55,12,18000,0.04,0,0,0,0,0,0,0,0,0,0,0,0
221,0.62,2.525117,1,0,4,1235,2.58,0,"[3.62, 1.96, 1.29, 0.97, 0.79, 0.67]",6,1.2,1,0,0,0,0,750,6500,40,200,85,55,12,18000,0.04,0,0,0,0,0,0,0,0,0,0,0,0
222,0.62,2.543688,1,0,4,1662,2.795,0,"[4.64, 2.83, 1.84, 1.39, 1.0, 0.77]",6,0.6,1,0,0,0,0,750,6500,63.8,319,131,205,30,18000,0.04,0,0,0,0,0,0,0,0,0,0,0,0
223,0.62,2.543688,1,0,4,1205,2.58,0,"[3.62, 1.96, 1.29, 0.97, 0.79, 0.67]",6,0.6,1,0,0,0,0,750,6500,34.4,172,88,55,12,18000,0.04,0,0,0,0,0,0,0,0,0,0,0,0
224,0.62,2.543688,1,1,3.8,1772,2.779,0,"[4.71, 3.14, 2.11, 1.67, 1.28, 1.0, 0.84, 0.67]",8,0.1,1,0,0,0,0,750,6500,145,725,607,55,12,18000,0.04,0,0,0,0,0,0,0,0,0,0,0,0
225,0.62,2.564082,1,1,3.8,2361,3.022,0,"[5.25, 3.36, 2.17, 1.72, 1.32, 1.0, 0.82, 0.64]",8,0.6,1,0,0,0,0,750,7000,110,550,294,55,10,18000,0.04,0,0,0,0,0,0,0,0,0,0,0,0
226,0.62,2.564082,1,1,3.8,2300,3.022,0,"[5.25, 3.36, 2.17, 1.72, 1.32, 1.0, 0.82, 0.64]",8,0.05,1,0,0,0,0,750,6500,110,550,313,55,12,18000,0.04,0,0,0,0,0,0,0,0,0,0,0,0
227,0.62,2.578914,1,1,3.8,2735,3.022,0,"[5.25, 3.36, 2.17, 1.72, 1.32, 1.0, 0.82, 0.64]",8,0.1,1,0,0,0,0,750,6500,150,750,467,55,10,18000,0.04,0,0,0,0,0,0,0,0,0,0,0,0
228,0.62,2.578914,1,1,3.8,2366,2.923,0,"[5.5, 3.52, 2.2, 1.72, 1.32, 1.0, 0.82, 0.64]",8,0.6,1,0,0,0,0,750,7000,100,500,265,55,10,18000,0.04,0,0,0,0,0,0,0,0,0,0,0,0
229,0.62,2.530866,1,1,3.8,1901,2.741,0,"[4.71, 2.84, 1.91, 1.38, 1.0, 0.81, 0.7, 0.58, 0.48]",9,0.6,1,0,0,0,0,750,6500,64,320,147,55,10,18000,0.04,0,0,0,0,0,0,0,0,0,0,0,0
230,0.62,2.530866,1,1,3.8,1939,2.741,0,"[4.71, 2.84, 1.91, 1.38, 1.0, 0.81, 0.7, 0.58, 0.48]",9,0.6,1,0,0,0,0,750,6500,73,365,184,55,10,18000,0.04,0,0,0,0,0,0,0,0,0,0,0,0
231,0.62,2.530866,1,1,3.8,1957,2.741,0,"[4.71, 2.84, 1.91, 1.38, 1.0, 0.81, 0.7, 0.58, 0.48]",9,0.6,1,0,0,0,0,750,6500,80,400,213,55,10,18000,0.04,0,0,0,0,0,0,0,0,0,0,0,0
232,0.62,2.530866,1,1,3.8,2168,2.741,0,"[5.07, 2.97, 1.95, 1.47, 1.23, 1.0, 0.81, 0.67]",8,0.1,0,1,0,0,0,750,6500,108,540,147,0,0,0,0,260,80,10000,0.04,0,0,0,0,0,0,0,0
233,0.62,2.553018,1,1,3.8,2519,3.197,0,"[5.25, 3.36, 2.17, 1.72, 1.32, 1.0, 0.82, 0.64]",8,0.2,1,0,0,0,0,750,7000,110,550,294,55,10,18000,0.04,0,0,0,0,0,0,0,0,0,0,0,0
234,0.62,2.553018,1,1,3.8,2616,3.197,0,"[5.25, 3.36, 2.17, 1.72, 1.32, 1.0, 0.82, 0.64]",8,0.2,1,0,0,0,0,750,7000,110,550,294,55,10,18000,0.04,0,0,0,0,0,0,0,0,0,0,0,0
235,0.62,2.553018,1,1,3.8,2759,3.197,0,"[5.25, 3.36, 2.17, 1.72, 1.32, 1.0, 0.82, 0.64]",8,0.1,1,0,0,0,0,750,6500,150,750,452,200,22,18000,0.04,0,0,0,0,0,0,0,0,0,0,0,0
236,0.62,2.554398,1,1,3.8,1845,2.681,0,"[4.73, 2.84, 1.91, 1.38, 1.0, 0.81, 0.7, 0.58, 0.48]",9,0.6,1,0,0,0,0,750,6500,64,320,147,55,10,18000,0.04,0,0,0,0,0,0,0,0,0,0,0,0
237,0.62,2.554398,1,0,4,1792,2.681,0,"[5.07, 2.97, 1.95, 1.47, 1.23, 1.0, 0.81, 0.67]",8,0.6,1,0,0,0,0,750,6500,52,260,118,55,10,18000,0.04,0,0,0,0,0,0,0,0,0,0,0,0
238,0.62,2.554398,1,1,3.8,1845,2.681,0,"[4.73, 2.84, 1.91, 1.38, 1.0, 0.81, 0.7, 0.58, 0.48]",9,0.6,1,0,0,0,0,750,6500,64,320,147,55,10,18000,0.04,0,0,0,0,0,0,0,0,0,0,0,0
239,0.62,2.54969,1,1,3.8,1893,2.681,0,"[4.73, 2.84, 1.91, 1.38, 1.0, 0.81, 0.7, 0.58, 0.48]",9,0.6,1,0,0,0,0,750,6500,73,365,184,55,10,18000,0.04,0,0,0,0,0,0,0,0,0,0,0,0
240,0.62,2.54969,1,1,3.8,1925,2.681,0,"[4.71, 2.84, 1.91, 1.38, 1.0, 0.81, 0.7, 0.58, 0.48]",9,0.6,1,0,0,0,0,750,6500,80,400,221,55,10,18000,0.04,0,0,0,0,0,0,0,0,0,0,0,0
241,0.62,2.54969,1,1,3.8,2157,2.681,0,"[5.07, 2.97, 1.95, 1.47, 1.23, 1.0, 0.81, 0.67]",8,0.1,0,1,0,0,0,750,6500,56,280,147,0,0,0,0,260,80,10000,0.04,0,0,0,0,0,0,0,0
242,0.62,2.54969,1,1,3.8,2385,2.997,0,"[5.25, 3.36, 2.17, 1.72, 1.32, 1.0, 0.82, 0.64]",8,0.6,1,0,0,0,0,750,7000,110,550,294,55,12,18000,0.04,0,0,0,0,0,0,0,0,0,0,0,0
243,0.62,2.54969,1,1,3.8,2580,2.997,0,"[5.25, 3.36, 2.17, 1.72, 1.32, 1.0, 0.82, 0.64]",8,0.1,1,0,0,0,0,750,6500,150,750,390,200,22,18000,0.04,0,0,0,0,0,0,0,0,0,0,0,0
244,0.62,2.56752,1,1,3.8,2560,2.998,0,"[5.25, 3.36, 2.17, 1.72, 1.32, 1.0, 0.82, 0.64]",8,0.1,1,0,0,0,0,750,6500,150,750,467,200,22,18000,0.04,0,0,0,0,0,0,0,0,0,0,0,0
245,0.62,2.56752,1,1,3.8,2085,2.874,0,"[5.5, 3.52, 2.2, 1.72, 1.32, 1.0, 0.82, 0.64]",8,0.1,1,0,0,0,0,750,7000,110,550,294,35,10,18000,0.04,0,0,0,0,0,0,0,0,0,0,0,0
246,0.62,2.56752,1,0,4,1680,2.87,0,"[3.5, 2.09, 1.43, 0.93, 0.97, 0.78, 0.65]",7,1.2,0,1,0,0,0,750,6500,44.2,221,131,0,0,0,0,202,88,10000,0.04,0,0,0,0,0,0,0,0
247,0.62,2.56752,1,0,4,1785,2.95,0,"[3.5, 2.09, 1.43, 0.93, 0.97, 0.78, 0.65]",7,0.6,0,1,0,0,0,750,6500,44.2,221,131,0,0,0,0,202,88,10000,0.04,0,0,0,0,0,0,0,0
248,0.65,2.62812,1,0,4,1280,2.58,0,"[3.5, 2.09, 1.43, 0.93, 0.97, 0.78, 0.65]",7,1.2,1,0,0,0,0,750,6500,24,120,67,185,69,18000,0.04,0,0,0,0,0,0,0,0,0,0,0,0
249,0.65,2.62812,1,1,3.8,1365,2.58,0,"[3.5, 2.09, 1.43, 0.93, 0.97, 0.78, 0.65]",7,0.1,1,0,0,0,0,750,6500,24,120,67,55,12,18000,0.04,0,0,0,0,0,0,0,0,0,0,0,0
250,0.65,2.62812,1,1,3.8,2345,3,0,"[3.5, 2.09, 1.43, 0.93, 0.97, 0.78, 0.65]",7,0.1,1,0,0,0,0,750,6500,47.8,239,108,55,12,18000,0.04,0,0,0,0,0,0,0,0,0,0,0,0
251,0.65,2.62993,0,0,4,2260,3.125,0,"[3.54, 1.89, 1.0, 0.65]",4,0.6,0,1,0,0,0,750,7000,70,350,220,0,0,0,0,300,132,10000,0.04,0,0,0,0,0,0,0,0
252,0.65,2.62993,1,1,3.8,2345,3.125,0,"[3.54, 1.89, 1.0, 0.65]",4,0.05,0,1,0,0,0,750,7000,70,350,220,0,0,0,0,300,132,10000,0.04,0,0,0,0,0,0,0,0
253,0.65,2.67699,1,0,4,1790,2.66,0,"[3.5, 2.09, 1.43, 0.93, 0.97, 0.78, 0.65]",7,1.2,0,1,0,0,0,750,6500,42,210,114,0,0,0,0,270,105,10000,0.04,0,0,0,0,0,0,0,0
254,0.65,2.67699,1,0,4,1805,2.69,0,"[3.5, 2.09, 1.43, 0.93, 0.97, 0.78, 0.65]",7,0.6,0,1,0,0,0,750,6500,46,230,106,0,0,0,0,270,134,10000,0.04,0,0,0,0,0,0,0,0
255,0.65,2.62812,1,1,3.8,1865,2.69,3.8,"[4.71, 2.84, 1.91, 1.38, 1.0, 0.81, 0.7, 0.58, 0.48]",9,1.2,0,1,0,0,1,750,6500,46,230,106,0,0,0,0,264,80,10000,0.04,0,0,0,0,121,50,15000,0.04
256,0.65,2.62812,1,1,3.8,2175,2.85,3.8,"[2.35, 1.52, 1.1, 0.86, 0.68, 0.39]",6,1.2,0,1,0,0,1,750,6500,92,460,200,0,0,0,0,335,80,10000,0.04,0,0,0,0,169,50,15000,0.04
257,0.65,2.706445,1,0,4,1540,2.64,0,"[2.35, 1.52, 1.1, 0.86, 0.68, 0.39]",6,0.6,0,1,0,0,0,750,6500,38,190,112,0,0,0,0,202,80,10000,0.04,0,0,0,0,0,0,0,0
258,0.65,2.706445,1,1,3.8,1600,2.64,3.8,"[2.35, 1.52, 1.1, 0.86, 0.68, 0.39]",6,1.2,0,1,0,0,1,750,6500,38,190,112,0,0,0,0,202,80,10000,0.04,0,0,0,0,55,50,15000,0.04
259,0.65,2.706445,1,0,4,1495,2.64,0,"[2.35, 1.52, 1.1, 0.86, 0.68, 0.39]",6,0.6,0,1,0,0,0,750,6500,38,190,112,0,0,0,0,206,83,10000,0.04,0,0,0,0,0,0,0,0
260,0.65,2.706445,1,1,3.8,1555,2.64,3.8,"[2.35, 1.52, 1.1, 0.86, 0.68, 0.39]",6,1.2,0,1,0,0,1,750,6500,38,190,112,0,0,0,0,264,80,10000,0.04,0,0,0,0,84,50,15000,0.04
261,0.65,2.828378,1,0,4,1445,2.6,0,"[2.35, 1.52, 1.1, 0.86, 0.68, 0.39]",6,1.2,0,1,0,0,0,750,6500,28.4,142,73,0,0,0,0,207,60,10000,0.04,0,0,0,0,0,0,0,0
262,0.65,2.828378,0,0,4,1730,2.85,0,"[2.35, 1.52, 1.1, 0.86, 0.68, 0.39]",6,1.2,1,0,0,0,0,750,6500,44.2,221,113,300,105,18000,0.04,0,0,0,0,0,0,0,0,0,0,0,0
263,0.65,2.828378,0,0,4,1820,2.85,0,"[2.35, 1.52, 1.1, 0.86, 0.68, 0.39]",6,1.2,0,1,0,0,0,750,7000,70.4,352,254,0,0,0,0,275,147,10000,0.04,0,0,0,0,0,0,0,0
264,0.65,2.828378,0,0,4,1620,2.8,0,"[2.35, 1.52, 1.1, 0.86, 0.68, 0.39]",6,1.2,0,1,0,0,0,750,6500,44.2,221,133,0,0,0,0,300,105,10000,0.04,0,0,0,0,0,0,0,0
265,0.65,2.828378,0,0,4,1985,2.87,0,"[2.35, 1.52, 1.1, 0.86, 0.68, 0.39]",6,0.1,1,0,0,0,0,750,7000,70,350,220,300,12,18000,0.04,0,0,0,0,0,0,0,0,0,0,0,0
266,0.65,2.72667,0,0,4,1735,2.73,0,"[2.35, 1.52, 1.1, 0.86, 0.68, 0.39]",6,1.2,0,1,0,0,0,750,6500,44.2,221,133,0,0,0,0,300,105,10000,0.04,0,0,0,0,0,0,0,0
267,0.65,2.72667,1,0,4,1830,2.734,0,"[3.5, 2.09, 1.43, 0.93, 0.97, 0.78, 0.65]",7,0.6,0,1,0,0,0,750,6500,46,230,101,0,0,0,0,338,107,10000,0.04,0,0,0,0,0,0,0,0
268,0.65,2.72667,1,0,4,1739,2.735,0,"[3.5, 2.09, 1.43, 0.93, 0.97, 0.78, 0.65]",7,0.6,1,0,0,0,0,750,6500,43,215,105,130,40,18000,0.04,0,0,0,0,0,0,0,0,0,0,0,0
269,0.65,2.911532,1,0,4,2107,2.848,0,"[3.5, 2.09, 1.43, 0.93, 0.97, 0.78, 0.65]",7,0.1,1,0,0,0,0,750,6500,70,350,103,350,155,18000,0.04,0,0,0,0,0,0,0,0,0,0,0,0
270,0.65,2.911532,1,1,3.8,1870,2.901,0,"[4.71, 3.14, 2.11, 1.67, 1.28, 1.0, 0.84, 0.67]",8,0.1,1,0,0,0,0,750,6500,90,450,221,55,10,18000,0.04,0,0,0,0,0,0,0,0,0,0,0,0
271,0.65,2.737914,1,1,3.8,1895,2.901,0,"[4.71, 3.14, 2.11, 1.67, 1.28, 1.0, 0.84, 0.67]",8,0.1,1,0,0,0,0,750,6500,90,450,243,55,10,18000,0.04,0,0,0,0,0,0,0,0,0,0,0,0
272,0.65,2.76,0,0,4,1878,2.998,0,"[4.71, 3.14, 2.11, 1.67, 1.28, 1.0, 0.84, 0.67]",8,0.2,1,0,0,0,0,750,6500,90,450,243,55,12,18000,0.04,0,0,0,0,0,0,0,0,0,0,0,0
273,0.62,2.7072,1,1,3.8,2090,3.004,0,"[5.0, 3.2, 2.14, 1.72, 1.31, 1.0, 0.82, 0.64]",8,0.6,1,0,0,0,0,750,6500,90,450,243,55,10,18000,0.04,0,0,0,0,0,0,0,0,0,0,0,0
274,0.62,2.7072,1,1,3.8,2090,3.004,0,"[4.71, 3.14, 2.11, 1.67, 1.28, 1.0, 0.84, 0.67]",8,0.6,1,0,0,0,0,750,6500,90,450,243,55,10,18000,0.04,0,0,0,0,0,0,0,0,0,0,0,0
275,0.62,2.7072,1,0,4,1120,2.57,0,"[3.62, 2.19, 1.52, 1.06, 0.84, 0.69]",6,0.6,1,0,0,0,0,750,6500,30.2,151,85,55,12,18000,0.04,0,0,0,0,0,0,0,0,0,0,0,0
276,0.62,2.7072,1,0,4,1100,2.57,0,"[3.58, 1.9, 1.22, 0.92, 0.72]",5,0.6,1,0,0,0,0,750,6500,29.6,148,66,55,12,18000,0.04,0,0,0,0,0,0,0,0,0,0,0,0
277,0.62,2.734936,1,0,4,1100,2.57,0,"[3.58, 1.9, 1.22, 0.92, 0.72]",5,1.2,1,0,0,0,0,750,6500,27,135,55,55,12,18000,0.04,0,0,0,0,0,0,0,0,0,0,0,0
278,0.62,2.734936,1,0,4,1180,2.56,0,"[3.5, 2.09, 1.43, 0.93, 0.78, 0.65]",6,1.2,0,1,0,0,0,750,6500,24,120,68,0,0,0,0,141,59,10000,0.04,0,0,0,0,0,0,0,0
279,0.62,2.734936,1,0,4,1457,2.725,0,"[3.5, 2.09, 1.43, 0.93, 0.78, 0.65]",6,0.35,1,0,0,0,0,750,6500,48,240,137,55,12,18000,0.04,0,0,0,0,0,0,0,0,0,0,0,0
280,0.62,2.734936,1,0,4,1383,2.725,0,"[3.62, 2.19, 1.52, 1.06, 0.84, 0.69]",6,1.2,1,0,0,0,0,750,6500,42.6,213,90,55,12,18000,0.04,0,0,0,0,0,0,0,0,0,0,0,0
281,0.62,2.734936,1,0,4,1383,2.725,0,"[3.62, 2.19, 1.52, 1.06, 0.84, 0.69]",6,0.05,1,0,0,0,0,750,6500,42.6,213,110,55,12,18000,0.04,0,0,0,0,0,0,0,0,0,0,0,0
282,0.65,2.84554,1,0,4,1432,2.725,0,"[3.5, 2.09, 1.43, 0.93, 0.78, 0.65]",6,0.35,1,0,0,0,0,750,6500,48,240,137,55,12,18000,0.04,0,0,0,0,0,0,0,0,0,0,0,0
283,0.65,2.84554,1,0,4,1420,2.725,0,"[3.5, 2.09, 1.43, 0.93, 0.78, 0.65]",6,0.35,1,0,0,0,0,750,6500,47.6,238,103,55,12,18000,0.04,0,0,0,0,0,0,0,0,0,0,0,0
284,0.65,2.866979,1,0,4,1384,2.725,0,"[3.62, 2.19, 1.52, 1.06, 0.84, 0.69]",6,0.35,1,0,0,0,0,750,6500,42.6,213,90,55,12,18000,0.04,0,0,0,0,0,0,0,0,0,0,0,0
285,0.65,2.864985,1,0,4,1384,2.725,0,"[3.62, 2.19, 1.52, 1.06, 0.84, 0.69]",6,0.35,1,0,0,0,0,750,6500,42.6,213,110,55,12,18000,0.04,0,0,0,0,0,0,0,0,0,0,0,0
286,0.65,2.864985,1,0,4,1419,2.725,0,"[3.5, 2.09, 1.43, 0.93, 0.78, 0.65]",6,0.35,1,0,0,0,0,750,6500,47.6,238,103,55,12,18000,0.04,0,0,0,0,0,0,0,0,0,0,0,0
287,0.65,2.705352,1,0,4,1434,2.725,0,"[3.5, 2.09, 1.43, 0.93, 0.78, 0.65]",6,0.6,1,0,0,0,0,750,6500,48,240,137,55,12,18000,0.04,0,0,0,0,0,0,0,0,0,0,0,0
288,0.65,2.705352,1,0,4,1455,2.655,0,"[3.5, 2.09, 1.43, 0.93, 0.78, 0.65]",6,0.6,1,0,0,0,0,750,6500,47.6,238,103,55,12,18000,0.04,0,0,0,0,0,0,0,0,0,0,0,0
289,0.65,2.705352,1,1,3.8,1568,2.655,0,"[3.5, 2.09, 1.43, 0.93, 0.78, 0.65]",6,0.6,1,0,0,0,0,750,6500,48,240,137,55,12,18000,0.04,0,0,0,0,0,0,0,0,0,0,0,0
290,0.65,2.705352,1,0,4,1485,2.655,0,"[3.5, 2.09, 1.43, 0.93, 0.78, 0.65]",6,0.6,1,0,0,0,0,750,6500,48,240,137,55,12,18000,0.04,0,0,0,0,0,0,0,0,0,0,0,0
291,0.62,2.46384,1,0,4,1426,2.655,0,"[3.5, 2.09, 1.43, 0.93, 0.78, 0.65]",6,0.6,1,0,0,0,0,750,6500,42.6,213,90,55,12,18000,0.04,0,0,0,0,0,0,0,0,0,0,0,0
292,0.62,2.51336,1,0,4,1426,2.655,0,"[3.5, 2.09, 1.43, 0.93, 0.78, 0.65]",6,0.6,1,0,0,0,0,750,6500,42.6,213,110,55,12,18000,0.04,0,0,0,0,0,0,0,0,0,0,0,0
293,0.62,2.508065,1,1,3.8,1479,2.655,0,"[3.5, 2.09, 1.43, 0.93, 0.78, 0.65]",6,0.6,1,0,0,0,0,750,6500,42.6,213,110,55,12,18000,0.04,0,0,0,0,0,0,0,0,0,0,0,0
294,0.62,2.543136,1,1,3.8,1479,2.655,0,"[3.5, 2.09, 1.43, 0.93, 0.78, 0.65]",6,1.2,1,0,0,0,0,750,6500,42.6,213,90,55,12,18000,0.04,0,0,0,0,0,0,0,0,0,0,0,0
295,0.62,2.543688,1,0,4,1443,2.655,0,"[3.5, 2.09, 1.43, 0.93, 0.78, 0.65]",6,0.6,1,0,0,0,0,750,6500,44.8,224,132,55,12,18000,0.04,0,0,0,0,0,0,0,0,0,0,0,0
296,0.62,2.530866,1,0,4,1567,2.7,0,"[3.7, 1.95, 1.3, 1.03, 0.84, 0.68]",6,1.2,1,0,0,0,0,750,6500,42.6,213,121,55,12,18000,0.04,0,0,0,0,0,0,0,0,0,0,0,0
297,0.62,2.554398,1,1,3.8,1636,2.7,0,"[3.7, 1.95, 1.3, 1.03, 0.84, 0.68]",6,1.2,1,0,0,0,0,750,6500,42.6,213,121,55,12,18000,0.04,0,0,0,0,0,0,0,0,0,0,0,0
298,0.62,2.56752,1,0,4,1619,2.7,0,"[3.49, 1.99, 1.45, 1.0, 0.71, 0.6]",6,0.6,1,0,0,0,0,750,6500,51.6,258,143,55,12,18000,0.04,0,0,0,0,0,0,0,0,0,0,0,0
299,0.65,2.67699,1,1,3.8,1680,2.7,0,"[3.49, 1.99, 1.45, 1.0, 0.71, 0.6]",6,1.2,1,0,0,0,0,750,6500,51.6,258,143,55,12,18000,0.04,0,0,0,0,0,0,0,0,0,0,0,0
300,0.65,2.67699,1,1,3.8,1671,2.815,0,"[3.5, 2.09, 1.43, 0.93, 0.78, 0.65]",6,0.6,1,0,0,0,0,750,6500,47.6,238,104,55,12,18000,0.04,0,0,0,0,0,0,0,0,0,0,0,0
301,0.65,2.706445,1,0,4,1629,2.815,0,"[3.5, 2.09, 1.43, 0.93, 0.78, 0.65]",6,0.6,1,0,0,0,0,750,6500,47.6,238,104,55,12,18000,0.04,0,0,0,0,0,0,0,0,0,0,0,0
302,0.66,0,1,1,3.8,2055,2.87,3.8,"[5.26, 3.3, 2.13, 1.71, 1.3, 1.0, 0.82, 0.63]",8,,0,1,0,1,0,750,6500,52.2,261,141,0,0,0,0,270,129,10000,0.04,0,0,0,0,166,50,15000,0.04
303,0.65,2.84554,1,1,3.8,2240,3.12,0,"[5.0, 3.2, 2.14, 1.72, 1.31, 1.0, 0.82, 0.64]",8,0.35,1,0,0,0,0,750,6500,52.2,261,141,270,129,18000,0.04,0,0,0,0,0,0,0,0,0,0,0,0
304,0.65,2.705352,0,0,4,1498,2.64,0,"[3.61, 2.47, 1.8, 1.41, 1.15, 0.96, 0.8, 0.65]",8,0.1,0,1,0,0,0,750,7000,117,585,445,0,0,0,0,225,80,10000,0.04,0,0,0,0,0,0,0,0
305,0.65,2.705352,0,0,4,1480,2.67,0,"[3.5, 2.09, 1.43, 0.93, 0.97, 0.78, 0.65]",7,0.1,1,0,0,0,0,750,6500,144,720,542,260,132,18000,0.04,0,0,0,0,0,0,0,0,0,0,0,0
306,0.65,2.91129,1,0,4,1489,2.655,0,"[3.5, 2.09, 1.43, 0.93, 0.97, 0.78, 0.65]",7,0.1,1,0,0,0,0,750,6500,130.5,652.5,493.5,55,12,18000,0.04,0,0,0,0,0,0,0,0,0,0,0,0
307,0.65,2.91129,1,1,3.8,2000,2.875,0,"[5.35, 3.24, 2.25, 1.64, 1.21, 1.0, 0.86, 0.72, 0.6]",9,0.1,1,0,0,0,0,750,7000,112,560,330,200,17,18000,0.04,0,0,0,0,0,0,0,0,0,0,0,0
308,0.65,2.91129,0,0,4,1790,2.865,0,"[4.71, 2.84, 1.91, 1.38, 1.0, 0.81, 0.7, 0.58, 0.48]",9,0.6,1,0,0,0,0,750,6500,50,250,125,200,17,18000,0.04,0,0,0,0,0,0,0,0,0,0,0,0
309,0.68,2.989272,1,1,3.8,1840,2.865,0,"[4.71, 2.84, 1.91, 1.38, 1.0, 0.81, 0.7, 0.58, 0.48]",9,0.2,1,0,0,0,0,750,6500,64,320,150,200,17,18000,0.04,0,0,0,0,0,0,0,0,0,0,0,0
310,0.68,2.989272,0,0,4,1790,2.865,0,"[4.71, 2.84, 1.91, 1.38, 1.0, 0.81, 0.7, 0.58, 0.48]",9,0.2,1,0,0,0,0,750,6500,64,320,150,200,17,18000,0.04,0,0,0,0,0,0,0,0,0,0,0,0
311,0.68,3.14119,1,1,3.8,1875,2.865,0,"[4.71, 2.84, 1.91, 1.38, 1.0, 0.81, 0.7, 0.58, 0.48]",9,0.1,1,0,0,0,0,750,6500,80,400,190,200,17,18000,0.04,0,0,0,0,0,0,0,0,0,0,0,0
312,0.68,3.14119,1,1,3.8,2110,2.875,0,"[4.71, 2.84, 1.91, 1.38, 1.0, 0.81, 0.7, 0.58, 0.48]",9,0.1,1,0,0,0,0,750,7000,112,560,330,200,17,18000,0.04,0,0,0,0,0,0,0,0,0,0,0,0
313,0.68,3.14119,0,0,4,1925,2.865,0,"[4.71, 2.84, 1.91, 1.38, 1.0, 0.81, 0.7, 0.58, 0.48]",9,0.6,1,0,0,0,0,750,6500,50,250,125,200,17,18000,0.04,0,0,0,0,0,0,0,0,0,0,0,0
314,0.68,3.140487,1,1,3.8,1975,2.865,0,"[4.71, 2.84, 1.91, 1.38, 1.0, 0.81, 0.7, 0.58, 0.48]",9,0.2,1,0,0,0,0,750,6500,64,320,150,200,17,18000,0.04,0,0,0,0,0,0,0,0,0,0,0,0
315,0.68,3.140487,0,0,4,1925,2.865,0,"[4.71, 2.84, 1.91, 1.38, 1.0, 0.81, 0.7, 0.58, 0.48]",9,0.2,1,0,0,0,0,750,6500,64,320,150,200,17,18000,0.04,0,0,0,0,0,0,0,0,0,0,0,0
316,0.66,0,1,1,3.8,2005,2.865,0,"[4.71, 2.84, 1.91, 1.38, 1.0, 0.81, 0.7, 0.58, 0.48]",9,,1,0,0,0,0,750,6500,80,400,190,200,17,18000,0.04,0,0,0,0,0,0,0,0,0,0,0,0
317,0.68,3.365151,1,1,3.8,1970,2.873,0,"[5.35, 3.24, 2.25, 1.64, 1.21, 1.0, 0.86, 0.72, 0.6]",9,0.1,1,0,0,0,0,750,7000,104,520,320,250,16,18000,0.04,0,0,0,0,0,0,0,0,0,0,0,0
318,0.68,3.365151,1,1,3.8,1970,2.873,0,"[4.71, 2.84, 1.91, 1.38, 1.0, 0.81, 0.7, 0.58, 0.48]",9,0.1,1,0,0,0,0,750,7000,104,520,320,250,16,18000,0.04,0,0,0,0,0,0,0,0,0,0,0,0
319,0.68,3.444471,1,1,3.8,2055,2.873,0,"[4.71, 2.84, 1.91, 1.38, 1.0, 0.81, 0.7, 0.58, 0.48]",9,0.1,1,0,0,0,0,750,7000,104,520,320,250,16,18000,0.04,0,0,0,0,0,0,0,0,0,0,0,0
320,0.68,3.426288,1,1,3.8,2055,2.873,0,"[4.71, 2.84, 1.91, 1.38, 1.0, 0.81, 0.7, 0.58, 0.48]",9,0.1,1,0,0,0,0,750,7000,104,520,320,250,16,18000,0.04,0,0,0,0,0,0,0,0,0,0,0,0
321,0.62,2.515188,1,1,3.8,1945,2.939,0,"[5.35, 3.24, 2.25, 1.64, 1.21, 1.0, 0.86, 0.72, 0.6]",9,0.1,1,0,0,0,0,750,7000,104,520,320,250,16,18000,0.04,0,0,0,0,0,0,0,0,0,0,0,0
322,0.62,2.520998,1,1,3.8,1950,2.939,0,"[5.35, 3.24, 2.25, 1.64, 1.21, 1.0, 0.86, 0.72, 0.6]",9,0.1,1,0,0,0,0,750,7000,104,520,320,250,16,18000,0.04,0,0,0,0,0,0,0,0,0,0,0,0
323,0.62,2.520998,0,0,4,2060,2.939,0,"[4.71, 2.84, 1.91, 1.38, 1.0, 0.81, 0.7, 0.58, 0.48]",9,0.1,0,1,0,0,0,750,6500,80,400,143,0,0,0,0,440,90,10000,0.04,0,0,0,0,0,0,0,0
324,0.62,2.613612,1,1,3.8,2025,2.939,0,"[5.35, 3.24, 2.25, 1.64, 1.21, 1.0, 0.86, 0.72, 0.6]",9,0.1,1,0,0,0,0,750,7000,104,520,320,250,16,18000,0.04,0,0,0,0,0,0,0,0,0,0,0,0
325,0.62,2.613612,0,0,4,1810,2.961,0,"[4.71, 2.84, 1.91, 1.38, 1.0, 0.81, 0.7, 0.58, 0.48]",9,0.2,1,0,0,0,0,750,6500,64,320,150,205,17,18000,0.04,0,0,0,0,0,0,0,0,0,0,0,0
326,0.62,2.377872,1,1,3.8,1880,2.961,0,"[4.71, 2.84, 1.91, 1.38, 1.0, 0.81, 0.7, 0.58, 0.48]",9,0.6,1,0,0,0,0,750,6500,64,320,150,205,17,18000,0.04,0,0,0,0,0,0,0,0,0,0,0,0
327,0.62,2.379636,1,1,3.8,1970,2.961,0,"[4.71, 2.84, 1.91, 1.38, 1.0, 0.81, 0.7, 0.58, 0.48]",9,0.6,1,0,0,0,0,750,6500,64,320,150,205,17,18000,0.04,0,0,0,0,0,0,0,0,0,0,0,0
328,0.62,2.379636,1,1,3.8,1960,2.961,0,"[5.35, 3.24, 2.25, 1.64, 1.21, 1.0, 0.86, 0.72, 0.6]",9,0.1,1,0,0,0,0,750,7000,100,500,280,205,17,18000,0.04,0,0,0,0,0,0,0,0,0,0,0,0
329,0.62,2.490384,1,1,3.8,2055,2.961,0,"[5.35, 3.24, 2.25, 1.64, 1.21, 1.0, 0.86, 0.72, 0.6]",9,0.1,1,0,0,0,0,750,7000,100,500,280,205,17,18000,0.04,0,0,0,0,0,0,0,0,0,0,0,0
330,0.62,2.490384,0,0,4,1900,2.961,0,"[4.71, 2.84, 1.91, 1.38, 1.0, 0.81, 0.7, 0.58, 0.48]",9,0.6,1,0,0,0,0,750,6500,64,320,150,205,17,18000,0.04,0,0,0,0,0,0,0,0,0,0,0,0
331,0.62,2.490384,1,1,3.8,2045,2.961,0,"[5.35, 3.24, 2.25, 1.64, 1.21, 1.0, 0.86, 0.72, 0.6]",9,0.1,1,0,0,0,0,750,7000,100,500,280,205,17,18000,0.04,0,0,0,0,0,0,0,0,0,0,0,0
332,0.62,2.501436,1,1,3.8,2640,2.89,0,"[4.71, 2.84, 1.91, 1.38, 1.0, 0.81, 0.7, 0.58, 0.48]",9,0.1,1,0,0,0,0,750,6500,170,850,430,200,15,18000,0.04,0,0,0,0,0,0,0,0,0,0,0,0
333,0.62,2.501436,1,1,3.8,2485,2.89,0,"[4.71, 2.84, 1.91, 1.38, 1.0, 0.81, 0.7, 0.58, 0.48]",9,0.1,1,0,0,0,0,750,7000,112,560,330,200,15,18000,0.04,0,0,0,0,0,0,0,0,0,0,0,0
334,0.62,2.490384,1,1,3.8,1690,2.729,0,"[4.71, 3.14, 2.11, 1.67, 1.28, 1.0, 0.84, 0.67]",8,0.6,1,0,0,0,0,750,6500,60,300,140,150,10,18000,0.04,0,0,0,0,0,0,0,0,0,0,0,0
335,0.62,2.490384,1,1,3.8,1765,2.829,0,"[4.71, 3.14, 2.11, 1.67, 1.28, 1.0, 0.84, 0.67]",8,0.6,1,0,0,0,0,750,6500,60,300,140,150,10,18000,0.04,0,0,0,0,0,0,0,0,0,0,0,0
336,0.62,2.490384,1,1,3.8,1975,2.888,0,"[4.71, 2.84, 1.91, 1.38, 1.0, 0.81, 0.7, 0.58, 0.48]",9,0.1,1,0,0,0,0,750,6500,100,500,310,55,10,18000,0.04,0,0,0,0,0,0,0,0,0,0,0,0
337,0.62,2.501436,1,1,3.8,1995,2.888,0,"[4.71, 2.84, 1.91, 1.38, 1.0, 0.81, 0.7, 0.58, 0.48]",9,0.1,1,0,0,0,0,750,6500,100,500,310,55,10,18000,0.04,0,0,0,0,0,0,0,0,0,0,0,0
338,0.62,2.501436,1,1,3.8,1910,2.888,0,"[4.71, 2.84, 1.91, 1.38, 1.0, 0.81, 0.7, 0.58, 0.48]",9,0.6,1,0,0,0,0,750,6500,64,320,150,55,17,18000,0.04,0,0,0,0,0,0,0,0,0,0,0,0
339,0.62,2.501436,1,1,3.8,1910,2.888,0,"[5.35, 3.24, 2.25, 1.64, 1.21, 1.0, 0.87, 0.72, 0.6]",9,0.1,1,0,0,0,0,750,6500,64,320,150,200,12,18000,0.04,0,0,0,0,0,0,0,0,0,0,0,0
340,0.62,2.48236,1,1,3.8,1930,2.888,0,"[5.35, 3.24, 2.25, 1.64, 1.21, 1.0, 0.86, 0.72, 0.6]",9,0.2,1,0,0,0,0,750,6500,64,320,150,55,17,18000,0.04,0,0,0,0,0,0,0,0,0,0,0,0
341,0.62,2.539333,1,1,3.8,2305,2.995,0,"[4.71, 2.84, 1.91, 1.38, 1.0, 0.81, 0.7, 0.58, 0.48]",9,0.1,1,0,0,0,0,750,7000,104,520,320,250,16,18000,0.04,0,0,0,0,0,0,0,0,0,0,0,0
342,0.62,2.539333,1,1,3.8,2415,2.995,0,"[4.71, 2.84, 1.91, 1.38, 1.0, 0.81, 0.7, 0.58, 0.48]",9,0.1,1,0,0,0,0,750,6500,150,750,420,250,16,18000,0.04,0,0,0,0,0,0,0,0,0,0,0,0
343,0.62,2.579508,1,1,3.8,2420,2.995,0,"[4.71, 2.84, 1.91, 1.38, 1.0, 0.81, 0.7, 0.58, 0.48]",9,0.1,1,0,0,0,0,750,6500,170,850,450,250,16,18000,0.04,0,0,0,0,0,0,0,0,0,0,0,0
344,0.62,2.549995,1,1,3.8,2325,2.935,0,"[5.5, 3.33, 2.31, 1.66, 1.21, 1.0, 0.86, 0.72, 0.6]",9,0.1,1,0,0,0,0,750,7000,104,520,320,250,16,18000,0.04,0,0,0,0,0,0,0,0,0,0,0,0
345,0.62,2.579508,1,1,3.8,2700,3.135,0,"[4.71, 2.84, 1.91, 1.38, 1.0, 0.81, 0.7, 0.58, 0.48]",9,0.1,1,0,0,0,0,750,6500,170,850,450,250,16,18000,0.04,0,0,0,0,0,0,0,0,0,0,0,0
346,0.62,2.55888,1,1,3.8,2460,3.135,0,"[4.71, 2.84, 1.91, 1.38, 1.0, 0.81, 0.7, 0.58, 0.48]",9,0.1,1,0,0,0,0,750,7000,100,500,270,250,16,18000,0.04,0,0,0,0,0,0,0,0,0,0,0,0
347,0.62,2.573096,1,1,3.8,2545,3.135,0,"[4.71, 2.84, 1.91, 1.38, 1.0, 0.81, 0.7, 0.58, 0.48]",9,0.1,1,0,0,0,0,750,6500,140,700,270,250,16,18000,0.04,0,0,0,0,0,0,0,0,0,0,0,0
348,0.62,2.573096,1,1,3.8,2310,3.396,0,"[5.35, 3.24, 2.25, 1.64, 1.21, 1.0, 0.86, 7.17, 0.6]",9,0.1,1,0,0,0,0,750,6500,140,700,370,55,15,18000,0.04,0,0,0,0,0,0,0,0,0,0,0,0
349,0.62,2.579508,1,1,3.8,1995,3.106,0,"[4.71, 2.84, 1.91, 1.38, 1.0, 0.81, 0.7, 0.58, 0.48]",9,0.1,1,0,0,0,0,750,7000,100,500,270,250,16,18000,0.04,0,0,0,0,0,0,0,0,0,0,0,0
350,0.62,2.57588,1,1,3.8,2015,3.216,0,"[4.71, 2.84, 1.91, 1.38, 1.0, 0.81, 0.7, 0.58, 0.48]",9,0.1,1,0,0,0,0,750,7000,100,500,270,250,16,18000,0.04,0,0,0,0,0,0,0,0,0,0,0,0
351,0.62,2.347488,1,1,3.8,2595,3.216,0,"[5.35, 3.24, 2.25, 1.64, 1.21, 1.0, 0.87, 0.72, 0.6]",9,0.1,1,0,0,0,0,750,6500,180,900,270,320,140,18000,0.04,0,0,0,0,0,0,0,0,0,0,0,0
352,0.62,2.367915,0,0,4,1810,2.7,0,"[4.71, 2.84, 1.91, 1.38, 1.0, 0.81, 0.7, 0.58, 0.48]",9,0.1,1,0,0,0,0,750,6500,96,480,270,150,10,18000,0.04,0,0,0,0,0,0,0,0,0,0,0,0
353,0.62,2.3595,0,0,4,2393,3.43,0,"[4.71, 2.84, 1.91, 1.38, 1.0, 0.81, 0.7, 0.58, 0.48]",9,0.6,1,0,0,0,0,750,6500,100,500,170,200,15,18000,0.04,0,0,0,0,0,0,0,0,0,0,0,0
354,0.62,2.3595,0,0,4,2349,3.2,0,"[4.71, 2.84, 1.91, 1.38, 1.0, 0.81, 0.7, 0.58, 0.48]",9,0.6,1,0,0,0,0,750,6500,100,500,170,200,15,18000,0.04,0,0,0,0,0,0,0,0,0,0,0,0
355,0.62,2.3595,0,0,4,2383,3.43,0,"[4.71, 2.84, 1.91, 1.38, 1.0, 0.81, 0.7, 0.58, 0.48]",9,0.6,1,0,0,0,0,750,6500,100,500,170,200,15,18000,0.04,0,0,0,0,0,0,0,0,0,0,0,0
356,0.62,2.3595,0,0,4,2343,3.2,0,"[4.71, 2.84, 1.91, 1.38, 1.0, 0.81, 0.7, 0.58, 0.48]",9,0.35,1,0,0,0,0,750,6500,100,500,170,200,15,18000,0.04,0,0,0,0,0,0,0,0,0,0,0,0
357,0.62,2.35092,1,1,3.8,1985,2.939,0,"[5.35, 3.24, 2.25, 1.64, 1.21, 1.0, 0.86, 0.72, 0.6]",9,0.1,1,0,0,0,0,750,7000,104,520,320,250,16,18000,0.04,0,0,0,0,0,0,0,0,0,0,0,0
358,0.62,2.366364,0,0,4,1765,2.939,0,"[4.71, 2.84, 1.91, 1.38, 1.0, 0.81, 0.7, 0.58, 0.48]",9,0.6,1,0,0,0,0,750,6500,80,400,270,55,10,18000,0.04,0,0,0,0,0,0,0,0,0,0,0,0
359,0.62,2.366364,1,1,3.8,1940,2.939,0,"[5.35, 3.24, 2.25, 1.64, 1.21, 1.0, 0.86, 0.72, 0.6]",9,0.1,1,0,0,0,0,750,7000,100,500,270,250,16,18000,0.04,0,0,0,0,0,0,0,0,0,0,0,0
360,0.62,2.366364,1,0,4,1285,2.57,0,"[3.5, 2.0, 1.3]",3,0.6,1,0,0,0,0,750,6500,25.6,128,75,250,100,18000,0.04,0,0,0,0,0,0,0,0,0,0,0,0
361,0.62,2.366364,1,0,4,1735,2.765,0,"[2.5, 1.5]",2,0.6,0,1,0,0,0,750,6500,46,230,105,0,0,0,0,340,146,10000,0.04,0,0,0,0,0,0,0,0
362,0.62,2.366364,1,0,4,1455,2.61,0,"[3.5, 2.0, 1.3]",3,0.6,1,0,0,0,0,750,6500,25.6,128,75,250,100,18000,0.04,0,0,0,0,0,0,0,0,0,0,0,0
363,0.62,2.38317,1,0,4,1737,2.72,0,"[4.7, 2.99, 2.15, 1.8, 1.52, 1.28, 1.0, 0.85, 0.69, 0.64]",10,0.6,0,1,0,0,0,750,6500,50,250,119,0,0,0,0,230,90,10000,0.04,0,0,0,0,0,0,0,0
364,0.62,2.38317,1,0,4,1620,2.692,0,"[16.99, 10.59, 7.07, 4.86, 3.77, 3.05, 2.52]",7,0.6,1,0,0,0,0,750,6500,48,240,115,55,15,18000,0.04,0,0,0,0,0,0,0,0,0,0,0,0
365,0.62,2.38317,1,1,3.8,1715,2.692,0,"[3.5, 2.09, 1.43, 0.93, 0.97, 0.78, 0.65]",7,0.6,1,0,0,0,0,750,6500,64,320,150,55,15,18000,0.04,0,0,0,0,0,0,0,0,0,0,0,0
366,0.62,2.34927,1,0,4,1348,2.639,0,"[3.62, 2.19, 1.52, 1.06, 0.84, 0.69]",6,1.2,1,0,0,0,0,750,6500,52,260,103,55,12,18000,0.04,0,0,0,0,0,0,0,0,0,0,0,0
367,0.62,2.34927,1,0,4,1459,2.639,0,"[3.83, 2.05, 1.3, 0.97, 0.74, 0.66]",6,0.6,1,0,0,0,0,750,6500,29.6,148,69,55,12,18000,0.04,0,0,0,0,0,0,0,0,0,0,0,0
368,0.62,2.3595,1,0,4,1449,2.639,0,"[3.83, 2.05, 1.3, 0.97, 0.74, 0.66]",6,0.6,1,0,0,0,0,750,6500,34.4,172,80,55,12,18000,0.04,0,0,0,0,0,0,0,0,0,0,0,0
369,0.62,2.38656,1,0,4,1346,2.583,0,"[3.62, 2.19, 1.52, 1.06, 0.84, 0.69]",6,0.6,1,0,0,0,0,750,6500,29.6,148,69,55,12,18000,0.04,0,0,0,0,0,0,0,0,0,0,0,0
370,0.62,2.38317,1,1,3.8,1914,2.67,3.8,"[5.26, 3.3, 2.13, 1.71, 1.3, 1.0, 0.82, 0.63]",8,1.2,0,0,0,1,0,750,6500,38,190,149,0,0,0,0,0,0,0,0,0,0,0,0,195,60,15000,0.04
371,0.62,2.38317,1,1,3.8,1810,2.67,0,"[3.62, 2.19, 1.52, 1.06, 0.84, 0.69]",6,0.6,1,0,0,0,0,750,6500,38.5,192.5,99.5,55,12,18000,0.04,0,0,0,0,0,0,0,0,0,0,0,0
372,0.62,2.38317,1,1,3.8,1649,2.67,3.8,"[2.35, 1.52, 1.1, 0.86, 0.68, 0.39]",6,1.2,0,1,0,0,1,750,6500,39,195,110,0,0,0,0,137,80,10000,0.04,0,0,0,0,195,50,15000,0.04
373,0.62,2.3595,1,1,3.8,1995,2.67,3.8,"[2.35, 1.52, 1.1, 0.86, 0.68, 0.39]",6,1.2,0,1,0,0,1,750,6500,42.2,211,99,0,0,0,0,137,80,10000,0.04,0,0,0,0,195,50,15000,0.04
374,0.62,2.367915,1,1,3.8,2120,2.704,3.8,"[2.35, 1.52, 1.1, 0.86, 0.68, 0.39]",6,1.2,0,1,0,0,1,750,6500,40.6,203,100,0,0,0,0,255,80,10000,0.04,0,0,0,0,195,50,15000,0.04
375,0.62,2.367915,1,0,4,1405,2.665,0,"[3.5, 2.09, 1.43, 0.93, 0.78, 0.65]",6,0.6,1,0,0,0,0,750,6500,48,240,103,55,12,18000,0.04,0,0,0,0,0,0,0,0,0,0,0,0
376,0.62,2.306895,1,0,4,1422,2.665,0,"[3.5, 2.09, 1.43, 0.93, 0.78, 0.65]",6,0.6,1,0,0,0,0,750,6500,52,260,116,55,12,18000,0.04,0,0,0,0,0,0,0,0,0,0,0,0
377,0.65,2.598169,1,1,3.8,1577,2.665,0,"[3.5, 2.09, 1.43, 0.93, 0.78, 0.65]",6,1.2,1,0,0,0,0,750,6500,54,270,116,55,12,18000,0.04,0,0,0,0,0,0,0,0,0,0,0,0
378,0.65,2.598169,1,0,4,1664,2.705,0,"[3.5, 2.09, 1.43, 0.93, 0.78, 0.65]",6,0.6,1,0,0,0,0,750,6500,60,300,120,55,4,18000,0.04,0,0,0,0,0,0,0,0,0,0,0,0
379,0.62,2.452195,1,0,4,1678,2.675,0,"[4.71, 3.14, 2.11, 1.67, 1.28, 1.0, 0.84, 0.67]",8,0.6,0,1,0,0,0,750,6500,50,250,110,0,0,0,0,320,81,10000,0.04,0,0,0,0,0,0,0,0
380,0.62,2.452195,1,0,4,1454,2.675,0,"[3.5, 2.09, 1.43, 0.93, 0.78, 0.65]",6,0.6,1,0,0,0,0,750,6500,46,230,100,55,12,18000,0.04,0,0,0,0,0,0,0,0,0,0,0,0
381,0.62,2.452195,1,0,4,1376,2.732,0,"[3.62, 2.19, 1.52, 1.06, 0.84, 0.69]",6,1.2,0,1,0,0,0,750,6500,41,205,81,0,0,0,0,320,81,10000,0.04,0,0,0,0,0,0,0,0
382,0.62,2.452195,1,0,4,1394,2.67,0,"[3.62, 2.19, 1.52, 1.06, 0.84, 0.69]",6,0.6,1,0,0,0,0,750,6500,41,205,74,55,12,18000,0.04,0,0,0,0,0,0,0,0,0,0,0,0
383,0.62,2.455661,1,0,4,1875,2.675,0,"[5.0, 3.2, 2.14, 1.72, 1.31, 1.0, 0.82, 0.64]",8,0.6,0,1,0,0,0,750,6500,60,300,133,0,0,0,0,320,81,10000,0.04,0,0,0,0,0,0,0,0
384,0.62,2.455661,1,1,3.8,1875,2.675,3.8,"[4.71, 3.14, 2.1, 1.67, 1.28, 1.0, 0.84, 0.67]",8,0.6,0,1,0,0,1,750,6500,60,300,147,0,0,0,0,320,80,10000,0.04,0,0,0,0,166,80,15000,0.04
385,0.62,2.455661,1,0,4,1600,2.795,0,"[3.5, 2.09, 1.43, 0.93, 0.78, 0.65]",6,0.6,1,0,0,0,0,750,6500,46,230,96,55,12,18000,0.04,0,0,0,0,0,0,0,0,0,0,0,0
386,0.62,2.455661,1,0,4,1675,2.795,0,"[3.5, 2.09, 1.43, 0.93, 0.78, 0.65]",6,0.6,0,1,0,0,0,750,6500,46,230,100,0,0,0,0,118,16,10000,0.04,0,0,0,0,0,0,0,0
387,0.62,2.471807,1,0,4,1732,2.685,0,"[3.5, 2.09, 1.43, 0.93, 0.78, 0.65]",6,0.6,0,1,0,0,0,750,6500,74,370,111,0,0,0,0,370,111,10000,0.04,0,0,0,0,0,0,0,0
388,0.62,2.471807,1,0,4,1372,2.605,0,"[3.62, 2.19, 1.52, 1.06, 0.84, 0.69]",6,0.6,1,0,0,0,0,750,6500,46,230,100,51,16,18000,0.04,0,0,0,0,0,0,0,0,0,0,0,0
389,0.62,2.471807,1,0,4,1372,2.605,0,"[3.62, 2.19, 1.52, 1.06, 0.84, 0.69]",6,0.6,1,0,0,0,0,750,6500,46,230,100,51,16,18000,0.04,0,0,0,0,0,0,0,0,0,0,0,0
390,0.62,2.473198,1,0,4,1295,2.54,0,"[3.62, 2.19, 1.52, 1.06, 0.84, 0.69]",6,0.6,1,0,0,0,0,750,6500,41,205,74,51,16,18000,0.04,0,0,0,0,0,0,0,0,0,0,0,0
391,0.62,2.471807,1,1,3.8,1808,2.613,3.8,"[3.45, 1.87, 1.29, 0.95, 0.74, 0.6]",6,0.6,0,0,0,1,0,750,6500,90,450,147,0,0,0,0,0,0,0,0,0,0,0,0,100,20,15000,0.04
392,0.62,2.471807,1,1,3.8,1808,2.613,3.8,"[3.45, 1.87, 1.29, 0.95, 0.74, 0.6]",6,0.6,0,0,0,1,0,750,6500,90,450,147,0,0,0,0,0,0,0,0,0,0,0,0,100,20,15000,0.04
393,0.62,2.452195,1,1,3.8,1808,2.613,3.8,"[3.45, 1.87, 1.29, 0.95, 0.74, 0.6]",6,0.6,0,0,0,1,0,750,6500,90,450,147,0,0,0,0,0,0,0,0,0,0,0,0,100,20,15000,0.04
394,0.62,2.452195,1,0,4,1553,2.675,0,"[3.5, 2.09, 1.43, 0.93, 0.78, 0.65]",6,0.6,0,1,0,0,0,750,6500,46,230,100,0,0,0,0,51,16,10000,0.04,0,0,0,0,0,0,0,0
395,0.62,2.455661,1,0,4,1835,2.675,0,"[4.71, 3.14, 2.11, 1.67, 1.28, 1.0, 0.84, 0.67]",8,0.6,0,1,0,0,0,750,6500,60,300,133,0,0,0,0,320,80,10000,0.04,0,0,0,0,0,0,0,0
396,0.62,2.455661,1,1,3.8,1915,2.675,3.8,"[4.71, 3.14, 2.11, 1.67, 1.28, 1.0, 0.84, 0.67]",8,0.6,0,1,0,0,1,750,6500,60,300,147,0,0,0,0,320,80,10000,0.04,0,0,0,0,166,83,15000,0.04
397,0.62,2.471807,1,0,4,1648,2.739,0,"[3.5, 2.09, 1.43, 0.93, 0.78, 0.65]",6,0.6,1,0,0,0,0,750,6500,46,230,100,51,16,18000,0.04,0,0,0,0,0,0,0,0,0,0,0,0
398,0.62,2.471807,1,0,4,1631,2.739,0,"[3.5, 2.09, 1.43, 0.93, 0.78, 0.65]",6,0.6,1,0,0,0,0,750,6500,46,230,100,51,16,18000,0.04,0,0,0,0,0,0,0,0,0,0,0,0
399,0.62,2.471807,1,0,4,1450,2.675,0,"[3.5, 2.09, 1.43, 0.93, 0.78, 0.65]",6,0.6,0,1,0,0,0,750,6500,46,230,100,0,0,0,0,51,16,10000,0.04,0,0,0,0,0,0,0,0
400,0.62,2.471807,1,0,4,1450,2.675,0,"[3.5, 2.09, 1.43, 0.93, 0.78, 0.65]",6,0.6,1,0,0,0,0,750,6500,46,230,100,51,16,18000,0.04,0,0,0,0,0,0,0,0,0,0,0,0
401,0.62,2.471807,1,0,4,1710,2.675,0,"[3.5, 2.09, 1.43, 0.93, 0.97, 0.78, 0.65]",7,0.6,0,1,0,0,0,750,6500,50,250,110,0,0,0,0,264,92,10000,0.04,0,0,0,0,0,0,0,0
402,0.62,2.452195,1,0,4,1510,2.732,0,"[3.5, 2.09, 1.43, 0.93, 0.78, 0.65]",6,0.6,0,1,0,0,0,750,6500,46,230,100,0,0,0,0,51,16,10000,0.04,0,0,0,0,0,0,0,0
403,0.62,2.452195,1,0,4,1510,2.732,0,"[3.5, 2.09, 1.43, 0.93, 0.78, 0.65]",6,0.6,1,0,0,0,0,750,6500,46,230,100,51,16,18000,0.04,0,0,0,0,0,0,0,0,0,0,0,0
404,0.62,2.452195,1,0,4,1750,2.732,0,"[3.5, 2.09, 1.43, 0.93, 0.97, 0.78, 0.65]",7,0.6,0,1,0,0,0,750,6500,50,250,110,0,0,0,0,264,92,10000,0.04,0,0,0,0,0,0,0,0
405,0.62,2.528644,1,0,4,1544,2.787,0,"[3.5, 2.09, 1.43, 0.93, 0.78, 0.65]",6,0.6,1,0,0,0,0,750,6500,46,230,100,51,16,18000,0.04,0,0,0,0,0,0,0,0,0,0,0,0
406,0.62,2.528644,1,0,4,1544,2.787,0,"[3.5, 2.09, 1.43, 0.93, 0.78, 0.65]",6,0.6,1,0,0,0,0,750,6500,46,230,100,51,16,18000,0.04,0,0,0,0,0,0,0,0,0,0,0,0
407,0.62,2.471807,1,0,4,1627,2.84,0,"[3.5, 2.09, 1.43, 0.93, 0.78, 0.65]",6,0.6,1,0,0,0,0,750,6500,46,230,100,230,21,18000,0.04,0,0,0,0,0,0,0,0,0,0,0,0
408,0.62,2.455661,1,0,4,1780,2.901,0,"[3.5, 2.09, 1.43, 0.93, 0.78, 0.65]",6,0.6,1,0,0,0,0,750,6500,46,230,100,51,16,18000,0.04,0,0,0,0,0,0,0,0,0,0,0,0
409,0.62,2.455661,1,0,4,1780,2.901,0,"[3.5, 2.09, 1.43, 0.93, 0.78, 0.65]",6,0.6,1,0,0,0,0,750,6500,46,230,100,51,16,18000,0.04,0,0,0,0,0,0,0,0,0,0,0,0
410,0.62,2.528644,1,0,4,1795,2.793,0,"[4.71, 3.14, 2.11, 1.67, 1.28, 1.0, 0.84, 0.67]",8,0.6,0,1,0,0,0,750,6500,60,300,133,0,0,0,0,320,81,10000,0.04,0,0,0,0,0,0,0,0
411,0.62,2.528644,1,1,3.8,1925,2.8,3.8,"[4.71, 3.14, 2.11, 1.67, 1.28, 1.0, 0.84, 0.67]",8,0.6,0,1,0,0,1,750,6500,60,300,147,0,0,0,0,320,80,10000,0.04,0,0,0,0,166,50,15000,0.04
412,0.62,2.605702,1,0,4,1820,2.793,0,"[4.71, 3.14, 2.11, 1.67, 1.28, 1.0, 0.84, 0.67]",8,0.6,0,1,0,0,0,750,6500,60,300,133,0,0,0,0,320,81,10000,0.04,0,0,0,0,0,0,0,0
413,0.62,2.605702,1,1,3.8,2343,2.742,3.8,"[5.25, 3.03, 1.95, 1.46, 1.22, 1.0, 0.81, 0.67]",8,0.1,0,0,0,0,1,750,6500,87,435,227,0,0,0,0,0,0,0,0,0,0,0,0,166,80,15000,0.04
414,0.62,2.605702,1,1,3.8,2245,2.95,3.8,"[5.25, 3.36, 2.17, 1.72, 1.32, 1.0, 0.82, 0.64]",8,0.1,0,1,0,1,0,750,7000,90,450,243,0,0,0,0,400,100,10000,0.04,0,0,0,0,166,50,15000,0.04
415,0.62,2.605702,1,1,3.8,2265,2.95,3.8,"[5.25, 3.36, 2.17, 1.72, 1.32, 1.0, 0.82, 0.64]",8,0.1,0,1,0,1,0,750,7000,90,450,243,0,0,0,0,400,100,10000,0.04,0,0,0,0,166,50,15000,0.04
416,0.62,2.605702,1,1,3.8,1750,2.73,0,"[3.91, 2.29, 1.58, 1.19, 0.97, 0.83, 0.67]",7,0.1,0,1,0,0,0,750,6500,108,540,447,0,0,0,0,210,95,10000,0.04,0,0,0,0,0,0,0,0
417,0.65,2.752295,1,0,4,1510,2.72,0,"[2.2, 1.27, 0.77, 0.58]",4,0.6,0,1,0,0,0,750,6500,29.6,148,69,0,0,0,0,205,36,10000,0.04,0,0,0,0,0,0,0,0
418,0.65,2.752295,1,0,4,1411,2.72,0,"[3.5, 2.09, 1.43, 0.93, 0.78, 0.65]",6,0.6,1,0,0,0,0,750,6500,43.5,217.5,88,55,12,18000,0.04,0,0,0,0,0,0,0,0,0,0,0,0
419,0.62,2.622136,1,0,4,1422,2.72,0,"[3.5, 2.09, 1.43, 0.93, 0.97, 0.78, 0.65]",7,0.6,1,0,0,0,0,750,6500,54,270,116,55,12,18000,0.04,0,0,0,0,0,0,0,0,0,0,0,0
420,0.62,2.628534,1,0,4,1411,2.72,0,"[3.5, 2.09, 1.43, 0.93, 0.97, 0.78, 0.65]",7,0.6,1,0,0,0,0,750,6500,52,260,103,55,12,18000,0.04,0,0,0,0,0,0,0,0,0,0,0,0
421,0.62,2.628534,1,0,4,1613,2.667,0,"[3.5, 2.09, 1.43, 0.93, 0.78, 0.65]",6,0.6,0,1,0,0,0,750,6500,41,205,96,0,0,0,0,205,51,10000,0.04,0,0,0,0,0,0,0,0
422,0.62,2.628534,1,0,4,1639,2.639,0,"[3.5, 2.09, 1.43, 0.93, 0.78, 0.65]",6,0.6,0,1,0,0,0,750,6500,43.5,217.5,88,0,0,0,0,264,49,10000,0.04,0,0,0,0,0,0,0,0
423,0.62,2.605702,1,0,4,1373,2.639,0,"[3.62, 2.19, 1.52, 1.06, 0.84, 0.69]",6,0.6,0,1,0,0,0,750,6500,29.6,148,69,0,0,0,0,148,36,10000,0.04,0,0,0,0,0,0,0,0
424,0.65,2.750106,1,0,4,1441,2.639,0,"[3.5, 2.09, 1.43, 0.93, 0.78, 0.65]",6,0.2,0,1,0,0,0,750,6500,53,265,80,0,0,0,0,148,36,10000,0.04,0,0,0,0,0,0,0,0
425,0.65,2.750106,1,0,4,1362,2.639,0,"[3.5, 2.09, 1.43, 0.93, 0.97, 0.78, 0.65]",7,0.2,0,1,0,0,0,750,6500,48,240,103,0,0,0,0,264,36,10000,0.04,0,0,0,0,0,0,0,0
426,0.62,2.641428,1,0,4,1373,2.639,0,"[3.5, 2.09, 1.43, 0.93, 0.97, 0.78, 0.65]",7,0.6,0,1,0,0,0,750,6500,54,270,116,0,0,0,0,264,36,10000,0.04,0,0,0,0,0,0,0,0
427,0.62,2.71362,1,0,4,1313,2.583,0,"[3.5, 2.09, 1.43, 0.93, 0.97, 0.78, 0.65]",7,1.2,0,1,0,0,0,750,6500,28.8,144,67,0,0,0,0,264,51,10000,0.04,0,0,0,0,0,0,0,0
428,0.62,2.71362,1,0,4,1313,2.583,0,"[3.62, 2.19, 1.52, 1.06, 0.84, 0.69]",6,0.2,1,0,0,0,0,750,6500,28.8,144,67,55,12,18000,0.04,0,0,0,0,0,0,0,0,0,0,0,0
429,0.62,2.71362,1,0,4,1331,2.583,0,"[3.62, 2.19, 1.52, 1.06, 0.84, 0.69]",6,0.2,1,0,0,0,0,750,6500,28.8,144,69,55,12,18000,0.04,0,0,0,0,0,0,0,0,0,0,0,0
430,0.62,2.71362,1,0,4,1316,2.591,0,"[3.5, 2.09, 1.43, 0.93, 0.97, 0.78, 0.65]",7,0.2,0,1,0,0,0,750,6500,34.4,172,80,0,0,0,0,205,36,10000,0.04,0,0,0,0,0,0,0,0
431,0.62,2.71362,1,0,4,1673,2.738,0,"[3.5, 2.09, 1.43, 0.93, 0.78, 0.65]",6,0.2,1,0,0,0,0,750,6500,46,230,96,55,12,18000,0.04,0,0,0,0,0,0,0,0,0,0,0,0
432,0.62,2.671578,1,0,4,1694,2.738,0,"[3.5, 2.09, 1.43, 0.93, 0.78, 0.65]",6,0.2,1,0,0,0,0,750,6500,46,230,96,55,12,18000,0.04,0,0,0,0,0,0,0,0,0,0,0,0
433,0.62,2.713176,1,0,4,1694,2.738,0,"[3.5, 2.09, 1.43, 0.93, 0.78, 0.65]",6,0.2,1,0,0,0,0,750,6500,46,230,96,55,12,18000,0.04,0,0,0,0,0,0,0,0,0,0,0,0
434,0.62,2.327808,1,0,4,1678,2.712,0,"[3.5, 2.09, 1.43, 0.93, 0.78, 0.65]",6,0.6,0,1,0,0,0,750,6500,28.8,144,68,0,0,0,0,264,80,10000,0.04,0,0,0,0,0,0,0,0
435,0.62,2.327808,1,0,4,1734,2.738,0,"[3.5, 2.09, 1.43, 0.93, 0.78, 0.65]",6,0.6,1,0,0,0,0,750,6500,41,205,96,205,51,18000,0.04,0,0,0,0,0,0,0,0,0,0,0,0
436,0.61,2.383808,1,0,4,1498,2.638,0,"[3.5, 2.09, 1.43, 0.93, 0.78, 0.65]",6,0.6,1,0,0,0,0,750,6500,29.6,148,69,55,12,18000,0.04,0,0,0,0,0,0,0,0,0,0,0,0
437,0.61,2.383808,1,0,4,1465,2.638,0,"[3.5, 2.09, 1.43, 0.93, 0.78, 0.65]",6,0.35,1,0,0,0,0,750,6500,53,265,80,55,12,18000,0.04,0,0,0,0,0,0,0,0,0,0,0,0
438,0.61,2.415108,1,0,4,1359,2.638,0,"[3.62, 2.19, 1.52, 1.06, 0.84, 0.69]",6,1.2,1,0,0,0,0,750,6500,50,250,103,55,12,18000,0.04,0,0,0,0,0,0,0,0,0,0,0,0
439,0.61,2.3932,1,0,4,1338,2.686,0,"[3.77, 2.27, 1.53, 1.13, 1.18, 0.96, 0.79]",7,1,1,0,0,0,0,750,6500,40,200,81,55,12,18000,0.04,0,0,0,0,0,0,0,0,0,0,0,0
440,0.61,2.349536,1,0,4,1368,2.686,0,"[3.77, 2.27, 1.53, 1.13, 1.18, 0.96, 0.79]",7,1,1,0,0,0,0,750,6500,44,220,85,55,14,18000,0.04,0,0,0,0,0,0,0,0,0,0,0,0
441,0.61,2.349536,1,0,4,1390,2.686,0,"[3.77, 2.27, 1.53, 1.13, 1.18, 0.96, 0.79]",7,1,1,0,0,0,0,750,6500,40,200,81,55,12,18000,0.04,0,0,0,0,0,0,0,0,0,0,0,0
442,0.61,2.349536,1,0,4,1416,2.686,0,"[3.77, 2.27, 1.53, 1.13, 1.18, 0.96, 0.79]",7,1,1,0,0,0,0,750,6500,44,220,85,55,14,18000,0.04,0,0,0,0,0,0,0,0,0,0,0,0
443,0.61,2.415108,1,0,4,1868,2.79,0,"[3.5, 2.09, 1.43, 0.93, 0.78, 0.65]",6,0.2,0,1,0,0,0,750,6500,50,250,110,0,0,0,0,330,85,10000,0.04,0,0,0,0,0,0,0,0
444,0.61,2.39784,1,0,4,1688,2.789,0,"[3.77, 2.27, 1.53, 1.13, 1.18, 0.96, 0.79]",7,0.2,1,0,0,0,0,750,6500,50,250,110,55,12,18000,0.04,0,0,0,0,0,0,0,0,0,0,0,0
445,0.61,2.415108,1,0,4,1520,2.677,0,"[3.4, 2.75, 1.77, 0.93, 0.71, 0.76, 0.64]",7,0.2,0,1,0,0,0,750,6500,74,370,180,0,0,0,0,264,80,10000,0.04,0,0,0,0,0,0,0,0
446,0.61,2.4056,1,0,4,1301,2.668,0,"[3.77, 2.27, 1.53, 1.13, 1.18, 0.96, 0.79]",7,0.2,1,0,0,0,0,750,6500,40,200,81,55,12,18000,0.04,0,0,0,0,0,0,0,0,0,0,0,0
447,0.61,2.39784,1,0,4,1608,2.68,0,"[3.5, 2.09, 1.43, 0.93, 0.78, 0.65]",6,0.2,0,1,0,0,0,750,6500,50,250,110,0,0,0,0,330,63,10000,0.04,0,0,0,0,0,0,0,0
448,0.61,2.40948,1,0,4,1372,2.669,0,"[3.77, 2.27, 1.53, 1.13, 1.18, 0.96, 0.79]",7,0.2,1,0,0,0,0,750,6500,50,250,110,55,12,18000,0.04,0,0,0,0,0,0,0,0,0,0,0,0
449,0.61,2.368576,1,0,4,1313,2.667,0,"[3.77, 2.27, 1.53, 1.13, 1.18, 0.96, 0.79]",7,0.6,1,0,0,0,0,750,6500,40,200,81,55,12,18000,0.04,0,0,0,0,0,0,0,0,0,0,0,0
450,0.61,2.40948,1,0,4,1620,2.68,0,"[3.5, 2.09, 1.43, 0.93, 0.78, 0.65]",6,0.2,0,1,0,0,0,750,6500,50,250,110,0,0,0,0,264,63,10000,0.04,0,0,0,0,0,0,0,0
451,0.62,2.493414,1,0,4,1576,2.68,0,"[3.77, 2.27, 1.53, 1.13, 1.18, 0.96, 0.79]",7,0.6,1,0,0,0,0,750,6500,50,250,110,55,12,18000,0.04,0,0,0,0,0,0,0,0,0,0,0,0
452,0.62,2.523274,1,0,4,1579,2.837,0,"[3.77, 2.27, 1.53, 1.13, 1.18, 0.96, 0.79]",7,0.6,1,0,0,0,0,750,6500,50,250,110,55,12,18000,0.04,0,0,0,0,0,0,0,0,0,0,0,0
453,0.62,2.56964,1,0,4,1576,2.837,0,"[3.77, 2.27, 1.53, 1.13, 1.18, 0.96, 0.79]",7,0.6,1,0,0,0,0,750,6500,50,250,110,55,12,18000,0.04,0,0,0,0,0,0,0,0,0,0,0,0
454,0.62,2.6196,1,1,3.8,1595,2.67,0,"[3.77, 2.27, 1.53, 1.13, 1.18, 0.96, 0.79]",7,0.8,1,0,0,0,0,750,6500,36.4,182,100,66,12,18000,0.04,0,0,0,0,0,0,0,0,0,0,0,0
455,0.62,2.493414,1,1,3.8,1656,2.67,0,"[3.77, 2.27, 1.53, 1.13, 1.18, 0.96, 0.79]",7,1.2,1,0,0,0,0,750,6500,38.8,194,110,66,12,18000,0.04,0,0,0,0,0,0,0,0,0,0,0,0
456,0.62,2.638524,1,1,3.8,1693,2.67,0,"[3.77, 2.27, 1.53, 1.13, 1.18, 0.96, 0.79]",7,1.2,1,0,0,0,0,750,6500,36.4,182,100,66,12,18000,0.04,0,0,0,0,0,0,0,0,0,0,0,0
457,0.62,2.54076,1,1,3.8,1574,2.67,0,"[3.77, 2.27, 1.53, 1.13, 1.18, 0.96, 0.79]",7,1.2,1,0,0,0,0,750,6500,36.4,182,100,66,12,18000,0.04,0,0,0,0,0,0,0,0,0,0,0,0
458,0.62,2.54076,1,1,3.8,1674,2.67,0,"[3.5, 2.09, 1.43, 0.93, 0.97, 0.78, 0.65]",7,0.35,1,0,0,0,0,750,6500,36.4,182,100,66,12,18000,0.04,0,0,0,0,0,0,0,0,0,0,0,0
459,0.62,2.53096,1,1,3.8,1554,2.665,0,"[3.77, 2.27, 1.53, 1.13, 1.18, 0.96, 0.79]",7,1.2,1,0,0,0,0,750,6500,38.8,194,110,66,12,18000,0.04,0,0,0,0,0,0,0,0,0,0,0,0
460,0.62,2.713176,1,1,3.8,2015,2.69,3.8,"[5.25, 3.03, 1.95, 1.46, 1.22, 1.0, 0.81, 0.67]",8,0.2,0,1,0,0,1,750,6500,45.4,227,136,0,0,0,0,264,80,10000,0.04,0,0,0,0,121,50,15000,0.04
461,0.62,2.63625,1,0,4,1280,2.6,0,"[3.62, 2.19, 1.52, 1.06, 0.84, 0.69]",6,0.35,1,0,0,0,0,750,6500,47,235,81,53,10,18000,0.04,0,0,0,0,0,0,0,0,0,0,0,0
462,0.65,2.6862,1,0,4,1315,2.6,0,"[3.62, 2.19, 1.52, 1.06, 0.84, 0.69]",6,1.2,1,0,0,0,0,750,6500,46,230,95,53,10,18000,0.04,0,0,0,0,0,0,0,0,0,0,0,0
463,0.62,2.63625,1,1,3.8,1360,2.6,0,"[3.62, 2.19, 1.52, 1.06, 0.84, 0.69]",6,0.35,1,0,0,0,0,750,6500,47,235,81,53,10,18000,0.04,0,0,0,0,0,0,0,0,0,0,0,0
464,0.65,2.75794,1,0,4,1475,2.7,0,"[3.62, 2.19, 1.52, 1.06, 0.84, 0.69]",6,1.2,0,1,0,0,0,750,6500,28.4,142,72,0,0,0,0,185,70,10000,0.04,0,0,0,0,0,0,0,0
465,0.65,2.6862,1,0,4,950,2.45,0,"[3.54, 1.9, 1.23, 0.89, 0.69]",5,1.2,1,0,0,0,0,750,6500,34,170,82,55,12,18000,0.04,0,0,0,0,0,0,0,0,0,0,0,0
466,0.65,2.869152,1,0,4,965,2.45,0,"[3.54, 1.9, 1.24, 0.91, 0.72]",5,1.2,1,0,0,0,0,750,6500,21.4,107,61,50,2,18000,0.04,0,0,0,0,0,0,0,0,0,0,0,0
467,0.62,2.711709,1,0,4,1069,2.45,0,"[3.8, 2.2, 1.4, 1.0, 0.75]",5,0.35,1,0,0,0,0,750,6500,22.4,112,61,60,2,18000,0.04,0,0,0,0,0,0,0,0,0,0,0,0
468,0.62,2.671578,1,1,3.8,1145,2.45,0,"[3.8, 2.2, 1.4, 1.0, 0.75]",5,0.2,1,0,0,0,0,750,6500,22.4,112,61,60,2,18000,0.04,0,0,0,0,0,0,0,0,0,0,0,0
469,0.65,2.90878,1,0,4,1255,2.5,0,"[3.62, 2.19, 1.52, 1.06, 0.84, 0.69]",6,0.2,1,0,0,0,0,750,6500,46,230,95,53,10,18000,0.04,0,0,0,0,0,0,0,0,0,0,0,0
470,0.65,2.90878,1,0,4,1255,2.6,0,"[3.62, 1.95, 1.27, 0.94, 0.79, 0.67]",6,1.2,1,0,0,0,0,750,6500,46,230,95,53,10,18000,0.04,0,0,0,0,0,0,0,0,0,0,0,0
471,0.65,2.90878,1,1,3.8,1340,2.6,0,"[3.62, 1.95, 1.27, 0.94, 0.79, 0.67]",6,1.2,1,0,0,0,0,750,6500,46,230,95,53,10,18000,0.04,0,0,0,0,0,0,0,0,0,0,0,0
472,0.65,2.90878,1,0,4,1450,2.64,0,"[3.5, 2.09, 1.43, 0.93, 0.97, 0.78, 0.65]",7,1.2,1,0,0,0,0,750,6500,28.4,142,72,55,12,18000,0.04,0,0,0,0,0,0,0,0,0,0,0,0
473,0.65,2.90878,1,0,4,1380,2.64,0,"[3.5, 2.09, 1.43, 0.93, 0.97, 0.78, 0.65]",7,1.2,0,1,0,0,0,750,6500,28.4,142,72,0,0,0,0,163,53,10000,0.04,0,0,0,0,0,0,0,0
474,0.62,2.57588,1,0,4,1505,2.64,0,"[3.5, 2.09, 1.43, 0.93, 0.97, 0.78, 0.65]",7,1.2,0,1,0,0,0,750,6500,28.4,142,72,0,0,0,0,163,53,10000,0.04,0,0,0,0,0,0,0,0
475,0.62,2.57588,1,0,4,1540,2.64,0,"[3.5, 2.09, 1.43, 0.93, 0.97, 0.78, 0.65]",7,0.6,0,1,0,0,0,750,6500,38,190,111,0,0,0,0,206,80,10000,0.04,0,0,0,0,0,0,0,0
476,0.62,2.57588,1,1,3.8,1610,2.64,0,"[3.5, 2.09, 1.43, 0.93, 0.97, 0.78, 0.65]",7,0.35,0,1,0,0,0,750,6500,38,190,111,0,0,0,0,202,80,10000,0.04,0,0,0,0,0,0,0,0
477,0.62,2.57588,1,0,4,1360,2.64,0,"[3.5, 2.09, 1.43, 0.93, 0.97, 0.78, 0.65]",7,1.2,0,1,0,0,0,750,6500,28.4,142,72,0,0,0,0,163,53,10000,0.04,0,0,0,0,0,0,0,0
478,0.62,2.57588,1,0,4,1360,2.64,0,"[3.5, 2.09, 1.43, 0.93, 0.97, 0.78, 0.65]",7,1.2,0,1,0,0,0,750,6500,28.4,142,72,0,0,0,0,163,53,10000,0.04,0,0,0,0,0,0,0,0
479,0.68,3.480516,1,0,4,1460,2.64,0,"[3.5, 2.09, 1.43, 0.93, 0.97, 0.78, 0.65]",7,0.35,0,1,0,0,0,750,6500,38,190,98,0,0,0,0,206,83,10000,0.04,0,0,0,0,0,0,0,0
480,0.68,3.480516,1,0,4,1360,2.7,0,"[3.5, 2.09, 1.43, 0.93, 0.97, 0.78, 0.65]",7,1.2,0,1,0,0,0,750,6500,28.4,142,72,0,0,0,0,163,53,10000,0.04,0,0,0,0,0,0,0,0
481,0.68,3.49539,1,0,4,1515,2.7,0,"[3.5, 2.09, 1.43, 0.93, 0.97, 0.78, 0.65]",7,0.35,0,1,0,0,0,750,6500,38,190,98,0,0,0,0,202,80,10000,0.04,0,0,0,0,0,0,0,0
482,0.65,2.7816,1,0,4,1450,2.64,0,"[3.5, 2.09, 1.43, 0.93, 0.97, 0.78, 0.65]",7,1.2,0,1,0,0,0,750,6500,28.4,142,72,0,0,0,0,185,70,10000,0.04,0,0,0,0,0,0,0,0
483,0.65,2.736864,1,0,4,1515,2.64,0,"[3.5, 2.09, 1.43, 0.93, 0.97, 0.78, 0.65]",7,0.35,0,1,0,0,0,750,6500,38,190,72,0,0,0,0,206,83,10000,0.04,0,0,0,0,0,0,0,0
484,0.65,2.736864,1,1,3.8,1575,2.64,3.8,"[3.5, 2.09, 1.43, 0.93, 0.97, 0.78, 0.65]",7,1.2,0,1,0,0,1,750,6500,38,190,98,0,0,0,0,264,83,10000,0.04,0,0,0,0,166,50,15000,0.04
485,0.65,2.736864,1,1,3.8,1575,2.64,0,[],0,0.35,1,0,0,0,0,750,6500,38,190,112,55,12,18000,0.04,0,0,0,0,0,0,0,0,0,0,0,0
486,0.62,2.66602,1,0,4,1925,2.78,0,[9.0],1,0.35,0,1,0,0,0,750,6500,67,335,72,0,0,0,0,335,113,10000,0.04,0,0,0,0,0,0,0,0
487,0.62,2.66602,0,0,4,1900,2.92,0,[9.0],1,0.35,0,1,0,0,0,750,6500,28.4,142,72,0,0,0,0,300,134,10000,0.04,0,0,0,0,0,0,0,0
488,0.62,2.678568,1,0,4,1250,2.55,0,[],0,0.35,0,1,0,0,0,750,6500,23,115,53,0,0,0,0,350,33,10000,0.04,0,0,0,0,0,0,0,0
489,0.62,2.678568,1,0,4,1300,2.7,0,[],0,0.35,1,0,0,0,0,750,6500,23,115,57,400,50,18000,0.04,0,0,0,0,0,0,0,0,0,0,0,0
490,0.65,2.8261,1,0,4,1445,2.7,0,[2.68],0,0.35,1,0,0,0,0,750,6500,28.4,142,73,400,50,18000,0.04,0,0,0,0,0,0,0,0,0,0,0,0
491,0.62,2.7202,1,0,4,1445,2.7,0,[2.68],0,0.35,1,0,0,0,0,750,6500,28.4,142,100,400,50,18000,0.04,0,0,0,0,0,0,0,0,0,0,0,0
492,0.62,2.7202,1,0,4,1645,2.78,0,[2.68],0,0.35,0,1,0,0,0,750,6500,28.4,142,100,0,0,0,0,207,60,10000,0.04,0,0,0,0,0,0,0,0
493,0.62,2.7202,1,0,4,1450,2.7,0,[2.68],0,0.35,0,1,0,0,0,750,6500,28.4,142,72,0,0,0,0,163,53,10000,0.04,0,0,0,0,0,0,0,0
494,0.62,2.732184,1,0,4,1450,2.7,0,[2.68],0,0.35,0,1,0,0,0,750,6500,28.4,142,72,0,0,0,0,163,53,10000,0.04,0,0,0,0,0,0,0,0
495,0.62,2.726029,1,0,4,1620,2.75,0,[],0,0.35,0,1,0,0,0,750,6500,38,190,111,0,0,0,0,208,120,10000,0.04,0,0,0,0,0,0,0,0
496,0.62,2.726029,1,0,4,1795,2.66,0,[],0,0.35,0,1,0,0,0,750,6500,42,210,72,0,0,0,0,270,80,10000,0.04,0,0,0,0,0,0,0,0
497,0.62,2.726029,1,1,3.8,1860,2.66,0,[],0,0.35,0,1,0,0,0,750,6500,42,210,72,0,0,0,0,270,80,10000,0.04,0,0,0,0,0,0,0,0
498,0.62,2.7202,1,0,4,1590,2.69,0,[],0,0.35,0,1,0,0,0,750,6500,44.2,221,72,0,0,0,0,202,88,10000,0.04,0,0,0,0,0,0,0,0
499,0.62,2.707992,1,1,3.8,1795,2.69,3.8,"[5.25, 3.03, 1.95, 1.46, 1.22, 1.0, 0.81, 0.67]",8,1.2,0,1,0,0,1,750,6500,44.2,221,131,0,0,0,0,202,80,10000,0.04,0,0,0,0,121,50,15000,0.04
500,0.62,2.7202,1,1,3.8,1910,2.69,3.8,"[5.25, 3.03, 1.95, 1.46, 1.22, 1.0, 0.81, 0.67]",8,0.35,0,1,0,0,1,750,6500,45.4,227,72,0,0,0,0,264,80,10000,0.04,0,0,0,0,121,50,15000,0.04
501,0.62,2.732184,1,0,4,1090,2.56,0,[2.64],0,0.35,0,1,0,0,0,750,6500,24,120,72,0,0,0,0,141,59,10000,0.04,0,0,0,0,0,0,0,0
502,0.62,2.747636,1,0,4,1170,2.56,0,[],0,0.2,0,1,0,0,0,750,6500,24,120,68,0,0,0,0,141,59,10000,0.04,0,0,0,0,0,0,0,0
503,0.62,2.746502,1,1,3.8,1170,2.56,0,[],0,0.2,1,0,0,0,0,750,6500,24,120,68,55,12,18000,0.04,0,0,0,0,0,0,0,0,0,0,0,0
504,0.62,2.66602,1,0,4,1180,2.56,0,[],0,0.35,0,1,0,0,0,750,6500,24,120,68,0,0,0,0,141,59,10000,0.04,0,0,0,0,0,0,0,0
505,0.65,2.862912,1,0,4,1200,2.56,0,"[3.5, 2.09, 1.43, 0.93, 0.97, 0.78, 0.65]",7,1.2,0,1,0,0,0,750,6500,24,120,68,0,0,0,0,185,62,10000,0.04,0,0,0,0,0,0,0,0
506,0.65,2.862912,1,1,3.8,1290,2.56,0,[],0,0.35,0,1,0,0,0,750,6500,24,120,68,0,0,0,0,185,62,10000,0.04,0,0,0,0,0,0,0,0
507,0.65,2.862912,1,0,4,1385,2.6,0,[2.68],0,0.35,1,0,0,0,0,750,6500,28.4,142,100,207,60,18000,0.04,0,0,0,0,0,0,0,0,0,0,0,0
508,0.65,2.862912,1,0,4,1410,2.6,0,[2.68],0,0.35,1,0,0,0,0,750,6500,28.4,142,100,207,60,18000,0.04,0,0,0,0,0,0,0,0,0,0,0,0
509,0.62,2.461184,1,0,4,1595,2.825,0,[],0,0.6,0,1,0,0,0,750,6500,44.2,221,131,0,0,0,0,202,88,10000,0.04,0,0,0,0,0,0,0,0
510,0.62,2.461184,1,1,3.8,2015,2.85,3.8,"[5.25, 3.03, 1.95, 1.46, 1.22, 1.0, 0.81, 0.67]",8,1.2,0,1,0,0,1,750,6500,47.8,239,140,0,0,0,0,264,80,10000,0.04,0,0,0,0,121,40,15000,0.04
511,0.62,2.461184,1,0,4,1761,2.872,0,"[5.25, 3.03, 1.95, 1.46, 1.22, 1.0, 0.81, 0.67]",8,0.6,1,0,0,0,0,750,6500,53,265,120,40,10,18000,0.04,0,0,0,0,0,0,0,0,0,0,0,0
512,0.62,2.466428,1,0,4,1777,2.872,0,"[5.25, 3.03, 1.95, 1.46, 1.22, 1.0, 0.81, 0.67]",8,0.6,1,0,0,0,0,750,6500,60,300,145,55,12,18000,0.04,0,0,0,0,0,0,0,0,0,0,0,0
513,0.62,2.466428,1,0,4,1777,2.872,0,"[5.25, 3.03, 1.95, 1.46, 1.22, 1.0, 0.81, 0.67]",8,0.6,1,0,0,0,0,750,6500,70,350,184,40,10,18000,0.04,0,0,0,0,0,0,0,0,0,0,0,0
514,0.62,2.466428,1,1,3.8,1850,2.872,0,"[5.25, 3.03, 1.95, 1.46, 1.22, 1.0, 0.81, 0.67]",8,0.6,1,0,0,0,0,750,6500,70,350,184,40,10,18000,0.04,0,0,0,0,0,0,0,0,0,0,0,0
515,0.62,2.466428,1,1,3.8,1880,2.872,0,"[5.25, 3.03, 1.95, 1.46, 1.22, 1.0, 0.81, 0.67]",8,0.6,1,0,0,0,0,750,6500,84,420,221,40,10,18000,0.04,0,0,0,0,0,0,0,0,0,0,0,0
516,0.62,2.50393,1,0,4,1812,2.702,0,"[3.53, 2.81, 1.44, 1.04, 1.09, 0.85, 0.72]",7,0.6,0,1,0,0,0,750,6500,53,265,132,0,0,0,0,160,60,10000,0.04,0,0,0,0,0,0,0,0
517,0.62,2.50393,1,0,4,1688,2.702,0,"[3.5, 2.09, 1.43, 0.93, 0.97, 0.78, 0.65]",7,0.6,1,0,0,0,0,750,6500,53,265,120,40,10,18000,0.04,0,0,0,0,0,0,0,0,0,0,0,0
518,0.62,2.50393,1,0,4,1711,2.702,0,"[5.25, 3.03, 1.95, 1.46, 1.22, 1.0, 0.81, 0.67]",8,0.6,1,0,0,0,0,750,6500,60,300,145,40,10,18000,0.04,0,0,0,0,0,0,0,0,0,0,0,0
519,0.62,2.461184,1,1,3.8,1768,2.702,0,"[5.25, 3.03, 1.95, 1.46, 1.22, 1.0, 0.81, 0.67]",8,0.6,1,0,0,0,0,750,6500,60,300,145,40,10,18000,0.04,0,0,0,0,0,0,0,0,0,0,0,0
520,0.62,2.461184,1,0,4,1869,2.865,0,"[5.25, 3.03, 1.95, 1.46, 1.22, 1.0, 0.81, 0.67]",8,0.6,1,0,0,0,0,750,6500,60,300,145,40,10,18000,0.04,0,0,0,0,0,0,0,0,0,0,0,0
521,0.62,2.461184,1,0,4,1869,2.865,0,"[5.25, 3.03, 1.95, 1.46, 1.22, 1.0, 0.81, 0.67]",8,0.6,1,0,0,0,0,750,6500,70,350,184,40,10,18000,0.04,0,0,0,0,0,0,0,0,0,0,0,0
522,0.62,2.461184,1,1,3.8,1915,2.865,0,"[5.25, 3.03, 1.95, 1.46, 1.22, 1.0, 0.81, 0.67]",8,0.6,1,0,0,0,0,750,6500,70,350,184,40,10,18000,0.04,0,0,0,0,0,0,0,0,0,0,0,0
523,0.62,2.466428,1,1,3.8,1949,2.865,0,"[5.25, 3.03, 1.95, 1.46, 1.22, 1.0, 0.81, 0.67]",8,0.6,1,0,0,0,0,750,6500,84,420,221,40,10,18000,0.04,0,0,0,0,0,0,0,0,0,0,0,0
524,0.62,2.466428,1,1,3.8,2064,2.984,0,"[5.25, 3.03, 1.95, 1.46, 1.22, 1.0, 0.81, 0.67]",8,0.6,1,0,0,0,0,750,6500,70,350,184,40,10,18000,0.04,0,0,0,0,0,0,0,0,0,0,0,0
525,0.62,2.466428,1,1,3.8,2103,2.984,0,"[5.25, 3.03, 1.95, 1.46, 1.22, 1.0, 0.81, 0.67]",8,0.6,1,0,0,0,0,750,6500,84,420,221,40,10,18000,0.04,0,0,0,0,0,0,0,0,0,0,0,0
526,0.62,2.466428,1,0,4,1735,2.872,0,"[4.71, 3.14, 2.11, 1.67, 1.28, 1.0, 0.84, 0.67]",8,0.6,1,0,0,0,0,750,6500,60,300,145,40,10,18000,0.04,0,0,0,0,0,0,0,0,0,0,0,0
527,0.62,2.50393,1,0,4,1752,2.872,0,"[4.71, 3.14, 2.11, 1.67, 1.28, 1.0, 0.84, 0.67]",8,0.6,1,0,0,0,0,750,6500,70,350,184,40,10,18000,0.04,0,0,0,0,0,0,0,0,0,0,0,0
528,0.62,2.5416,1,1,3.8,1832,2.872,0,"[4.71, 3.14, 2.11, 1.67, 1.28, 1.0, 0.84, 0.67]",8,0.6,1,0,0,0,0,750,6500,70,350,184,40,10,18000,0.04,0,0,0,0,0,0,0,0,0,0,0,0
529,0.62,2.50393,1,1,3.8,1935,2.941,0,"[5.06, 3.07, 2.05, 1.52, 1.26, 1.0, 0.79, 0.66]",8,0.6,1,0,0,0,0,750,6500,84,420,220,40,10,18000,0.04,0,0,0,0,0,0,0,0,0,0,0,0
530,0.62,2.50393,1,0,4,1826,2.941,0,"[5.06, 3.07, 2.05, 1.52, 1.26, 1.0, 0.79, 0.66]",8,0.6,1,0,0,0,0,750,6500,60,300,145,50,10,18000,0.04,0,0,0,0,0,0,0,0,0,0,0,0
531,0.62,2.50393,1,0,4,1831,2.941,0,"[5.06, 3.07, 2.05, 1.52, 1.26, 1.0, 0.79, 0.66]",8,0.6,1,0,0,0,0,750,6500,70,350,184,40,10,18000,0.04,0,0,0,0,0,0,0,0,0,0,0,0
532,0.62,2.50393,1,1,3.8,1938,2.941,0,"[5.06, 3.07, 2.05, 1.52, 1.26, 1.0, 0.79, 0.66]",8,0.6,1,0,0,0,0,750,6500,84,420,220,40,10,18000,0.04,0,0,0,0,0,0,0,0,0,0,0,0
533,0.62,2.515532,1,1,3.8,1930,2.941,0,"[5.06, 3.07, 2.05, 1.52, 1.26, 1.0, 0.79, 0.66]",8,0.6,1,0,0,0,0,750,6500,70,350,184,40,10,18000,0.04,0,0,0,0,0,0,0,0,0,0,0,0
534,0.62,2.515532,1,1,3.8,1925,2.941,0,"[5.06, 3.07, 2.05, 1.52, 1.26, 1.0, 0.79, 0.66]",8,0.6,1,0,0,0,0,750,6500,70,350,184,50,10,18000,0.04,0,0,0,0,0,0,0,0,0,0,0,0
535,0.62,2.515532,1,0,4,2120,3.124,0,"[3.5, 2.77, 1.85, 1.02, 1.02, 0.84]",6,0.6,0,1,0,0,0,750,6500,50,250,110,0,0,0,0,330,80,10000,0.04,0,0,0,0,0,0,0,0
536,0.62,2.515532,1,0,4,2142,3.124,0,"[3.5, 2.77, 1.85, 1.02, 1.02, 0.84]",6,0.35,0,1,0,0,0,750,6500,50,250,110,0,0,0,0,330,80,10000,0.04,0,0,0,0,0,0,0,0
537,0.62,2.506662,1,0,4,1302,2.619,0,"[3.77, 2.27, 1.53, 1.13, 1.18, 0.96, 0.79]",7,0.6,1,0,0,0,0,750,6500,40,200,81,55,12,18000,0.04,0,0,0,0,0,0,0,0,0,0,0,0
538,0.62,2.506662,1,0,4,1332,2.62,0,"[3.77, 2.27, 1.53, 1.13, 1.18, 0.96, 0.79]",7,1.2,1,0,0,0,0,750,6500,44,220,110,55,14,18000,0.04,0,0,0,0,0,0,0,0,0,0,0,0
539,0.62,2.506662,1,0,4,1360,2.669,0,"[3.77, 2.27, 1.53, 1.13, 1.18, 0.96, 0.79]",7,0.6,1,0,0,0,0,750,6500,40,200,81,55,12,18000,0.04,0,0,0,0,0,0,0,0,0,0,0,0
540,0.62,2.506662,1,0,4,1400,2.669,0,"[3.77, 2.27, 1.53, 1.13, 1.18, 0.96, 0.79]",7,1.2,1,0,0,0,0,750,6500,44,220,110,55,14,18000,0.04,0,0,0,0,0,0,0,0,0,0,0,0
541,0.62,2.506662,1,0,4,1573,2.837,0,"[3.77, 2.27, 1.53, 1.13, 1.18, 0.96, 0.79]",7,0.6,1,0,0,0,0,750,6500,50,250,110,55,12,18000,0.04,0,0,0,0,0,0,0,0,0,0,0,0
542,0.62,2.515532,1,0,4,1465,2.629,0,"[3.77, 2.27, 1.53, 1.13, 1.18, 0.96, 0.79]",7,0.35,1,0,0,0,0,750,6500,44,220,85,55,12,18000,0.04,0,0,0,0,0,0,0,0,0,0,0,0
543,0.62,2.556,1,0,4,1682,2.788,0,"[3.77, 2.27, 1.53, 1.13, 1.18, 0.96, 0.79]",7,0.6,1,0,0,0,0,750,6500,50,250,110,250,14,18000,0.04,0,0,0,0,0,0,0,0,0,0,0,0
544,0.62,2.556,1,0,4,1948,2.789,0,"[3.5, 2.09, 1.43, 0.93, 0.78, 0.65]",6,0.6,1,0,0,0,0,750,6500,50,250,130,400,85,18000,0.04,0,0,0,0,0,0,0,0,0,0,0,0
545,0.62,2.556,1,0,4,1811,2.678,0,"[3.5, 2.09, 1.43, 0.93, 0.78, 0.65]",6,0.2,0,1,0,0,0,750,6500,50,250,110,0,0,0,0,400,85,10000,0.04,0,0,0,0,0,0,0,0
546,0.62,2.556,1,0,4,1599,2.676,0,"[3.77, 2.27, 1.53, 1.13, 1.18, 0.96, 0.79]",7,0.35,1,0,0,0,0,750,6500,44,220,96,55,14,18000,0.04,0,0,0,0,0,0,0,0,0,0,0,0
547,0.62,2.515532,0,0,4,870,2.224,0,"[3.77, 2.27, 1.53, 1.13, 1.18, 0.96, 0.79]",7,1.2,1,0,0,0,0,750,6500,24,120,35,140,20,18000,0.04,0,0,0,0,0,0,0,0,0,0,0,0
548,0.62,2.515532,1,1,3.8,2335,2.91,3.8,"[4.71, 2.84, 1.91, 1.38, 1.0, 0.81, 0.7, 0.58, 0.48]",9,0.1,0,1,0,1,0,750,6500,64,320,150,0,0,0,0,264,80,10000,0.04,0,0,0,0,232,50,15000,0.04
549,0.62,2.580552,1,0,4,1737,2.73,0,"[3.5, 2.09, 1.43, 0.93, 0.97, 0.78, 0.65]",7,0.35,1,0,0,0,0,750,6500,50,250,118,55,12,18000,0.04,0,0,0,0,0,0,0,0,0,0,0,0
